IP地址,数据中心,地区,城市,网络延迟
172.64.228.89,NRT,亚太地区,东京,132 ms
172.67.132.86,LHR,欧洲,伦敦,156 ms
104.21.214.128,LHR,欧洲,伦敦,156 ms
104.21.125.20,LHR,欧洲,伦敦,157 ms
172.67.186.12,LHR,欧洲,伦敦,157 ms
172.67.140.84,LHR,欧洲,伦敦,157 ms
172.67.187.110,LHR,欧洲,伦敦,157 ms
104.21.85.164,LHR,欧洲,伦敦,157 ms
104.21.25.112,LHR,欧洲,伦敦,157 ms
172.67.241.6,LHR,欧洲,伦敦,157 ms
104.21.50.116,LHR,欧洲,伦敦,157 ms
104.21.49.27,LHR,欧洲,伦敦,157 ms
172.67.171.240,LHR,欧洲,伦敦,157 ms
172.67.168.102,LHR,欧洲,伦敦,157 ms
104.21.198.184,LHR,欧洲,伦敦,157 ms
172.67.231.62,LHR,欧洲,伦敦,157 ms
172.67.138.154,LHR,欧洲,伦敦,157 ms
172.67.218.155,LHR,欧洲,伦敦,157 ms
172.67.232.164,LHR,欧洲,伦敦,157 ms
172.67.224.250,LHR,欧洲,伦敦,157 ms
104.21.97.80,LHR,欧洲,伦敦,157 ms
172.67.175.121,LHR,欧洲,伦敦,157 ms
172.67.164.108,LHR,欧洲,伦敦,157 ms
104.21.102.31,LHR,欧洲,伦敦,157 ms
104.21.213.37,LHR,欧洲,伦敦,157 ms
104.21.90.208,LHR,欧洲,伦敦,157 ms
172.67.220.19,LHR,欧洲,伦敦,157 ms
104.21.109.207,LHR,欧洲,伦敦,157 ms
172.67.146.50,LHR,欧洲,伦敦,158 ms
172.67.247.252,LHR,欧洲,伦敦,158 ms
172.67.223.68,LHR,欧洲,伦敦,158 ms
104.21.64.152,LHR,欧洲,伦敦,158 ms
172.67.201.111,LHR,欧洲,伦敦,158 ms
172.67.148.44,LHR,欧洲,伦敦,158 ms
172.67.191.9,LHR,欧洲,伦敦,158 ms
104.21.16.154,LHR,欧洲,伦敦,158 ms
104.21.44.216,LHR,欧洲,伦敦,158 ms
172.67.154.102,LHR,欧洲,伦敦,158 ms
172.67.243.0,LHR,欧洲,伦敦,158 ms
172.67.139.123,LHR,欧洲,伦敦,158 ms
104.21.42.223,LHR,欧洲,伦敦,158 ms
104.21.41.100,LHR,欧洲,伦敦,158 ms
172.67.196.108,LHR,欧洲,伦敦,158 ms
104.21.122.222,LHR,欧洲,伦敦,158 ms
104.21.103.224,LHR,欧洲,伦敦,158 ms
172.67.134.151,LHR,欧洲,伦敦,158 ms
172.67.167.86,LHR,欧洲,伦敦,158 ms
104.21.45.11,LHR,欧洲,伦敦,158 ms
172.67.203.199,LHR,欧洲,伦敦,158 ms
104.21.70.208,LHR,欧洲,伦敦,158 ms
172.67.166.179,LHR,欧洲,伦敦,158 ms
104.21.106.240,LHR,欧洲,伦敦,158 ms
172.67.237.197,LHR,欧洲,伦敦,158 ms
104.21.197.101,LHR,欧洲,伦敦,158 ms
104.21.22.45,LHR,欧洲,伦敦,158 ms
104.21.217.140,LHR,欧洲,伦敦,158 ms
104.21.27.38,LHR,欧洲,伦敦,158 ms
104.21.34.121,LHR,欧洲,伦敦,158 ms
172.67.221.27,LHR,欧洲,伦敦,158 ms
172.67.161.232,LHR,欧洲,伦敦,158 ms
172.67.217.113,LHR,欧洲,伦敦,158 ms
172.67.230.163,LHR,欧洲,伦敦,158 ms
172.67.252.171,LHR,欧洲,伦敦,158 ms
172.67.255.97,LHR,欧洲,伦敦,158 ms
172.67.183.103,LHR,欧洲,伦敦,158 ms
104.21.119.187,LHR,欧洲,伦敦,158 ms
172.67.253.202,LHR,欧洲,伦敦,158 ms
104.21.17.102,LHR,欧洲,伦敦,158 ms
104.21.65.206,LHR,欧洲,伦敦,158 ms
104.21.74.63,LHR,欧洲,伦敦,158 ms
104.21.120.218,LHR,欧洲,伦敦,158 ms
104.21.96.54,LHR,欧洲,伦敦,158 ms
104.21.196.89,LHR,欧洲,伦敦,158 ms
104.21.195.83,LHR,欧洲,伦敦,158 ms
104.21.194.157,LHR,欧洲,伦敦,159 ms
104.21.89.211,LHR,欧洲,伦敦,159 ms
172.67.192.211,LHR,欧洲,伦敦,159 ms
104.21.66.45,LHR,欧洲,伦敦,159 ms
104.21.88.45,LHR,欧洲,伦敦,159 ms
188.114.98.205,LHR,欧洲,伦敦,159 ms
104.21.43.255,LHR,欧洲,伦敦,159 ms
172.67.228.206,LHR,欧洲,伦敦,159 ms
104.21.55.169,LHR,欧洲,伦敦,159 ms
104.21.208.151,LHR,欧洲,伦敦,159 ms
172.67.165.167,LHR,欧洲,伦敦,159 ms
104.21.201.85,LHR,欧洲,伦敦,159 ms
172.67.172.148,LHR,欧洲,伦敦,159 ms
172.67.213.41,LHR,欧洲,伦敦,159 ms
172.67.214.2,LHR,欧洲,伦敦,159 ms
104.21.48.117,LHR,欧洲,伦敦,159 ms
104.21.73.58,LHR,欧洲,伦敦,159 ms
104.21.118.65,LHR,欧洲,伦敦,159 ms
172.67.242.179,LHR,欧洲,伦敦,159 ms
104.21.63.29,LHR,欧洲,伦敦,159 ms
104.21.57.34,LHR,欧洲,伦敦,159 ms
104.21.207.157,LHR,欧洲,伦敦,159 ms
172.67.150.39,LHR,欧洲,伦敦,159 ms
104.21.91.150,LHR,欧洲,伦敦,159 ms
104.21.58.200,LHR,欧洲,伦敦,159 ms
104.21.99.26,LHR,欧洲,伦敦,159 ms
104.21.220.114,LHR,欧洲,伦敦,159 ms
172.67.197.18,LHR,欧洲,伦敦,159 ms
172.67.239.185,LHR,欧洲,伦敦,159 ms
104.21.52.135,LHR,欧洲,伦敦,159 ms
172.67.169.130,LHR,欧洲,伦敦,159 ms
104.21.13.162,LHR,欧洲,伦敦,159 ms
104.21.40.88,LHR,欧洲,伦敦,159 ms
172.67.251.212,LHR,欧洲,伦敦,159 ms
172.67.248.93,LHR,欧洲,伦敦,159 ms
104.21.51.135,LHR,欧洲,伦敦,159 ms
104.19.64.215,SJC,北美洲,圣何塞,159 ms
104.21.4.157,LHR,欧洲,伦敦,159 ms
104.21.1.58,LHR,欧洲,伦敦,159 ms
104.21.86.67,LHR,欧洲,伦敦,159 ms
104.21.215.62,LHR,欧洲,伦敦,159 ms
104.21.108.213,LHR,欧洲,伦敦,159 ms
172.67.163.195,LHR,欧洲,伦敦,159 ms
104.21.110.67,LHR,欧洲,伦敦,159 ms
104.21.68.200,LHR,欧洲,伦敦,159 ms
104.21.221.36,LHR,欧洲,伦敦,159 ms
172.67.151.26,LHR,欧洲,伦敦,159 ms
104.21.61.254,LHR,欧洲,伦敦,159 ms
172.67.129.102,LHR,欧洲,伦敦,159 ms
172.67.143.63,LHR,欧洲,伦敦,159 ms
172.67.142.46,LHR,欧洲,伦敦,159 ms
104.21.3.163,LHR,欧洲,伦敦,160 ms
104.19.124.3,SJC,北美洲,圣何塞,160 ms
104.21.216.17,LHR,欧洲,伦敦,160 ms
104.21.98.186,LHR,欧洲,伦敦,160 ms
104.21.124.9,LHR,欧洲,伦敦,160 ms
104.19.39.204,SJC,北美洲,圣何塞,160 ms
104.21.47.240,LHR,欧洲,伦敦,160 ms
172.67.210.217,LHR,欧洲,伦敦,160 ms
104.21.123.195,LHR,欧洲,伦敦,160 ms
172.67.177.238,LHR,欧洲,伦敦,160 ms
172.67.178.136,LHR,欧洲,伦敦,160 ms
188.114.99.105,LHR,欧洲,伦敦,160 ms
172.67.222.193,LHR,欧洲,伦敦,160 ms
172.67.219.18,LHR,欧洲,伦敦,160 ms
104.21.87.39,LHR,欧洲,伦敦,160 ms
172.67.174.160,LHR,欧洲,伦敦,160 ms
172.67.216.44,LHR,欧洲,伦敦,160 ms
188.114.96.219,LHR,欧洲,伦敦,160 ms
172.67.193.136,LHR,欧洲,伦敦,160 ms
104.21.105.100,LHR,欧洲,伦敦,160 ms
104.21.212.4,LHR,欧洲,伦敦,160 ms
104.19.2.183,SJC,北美洲,圣何塞,160 ms
172.67.173.153,LHR,欧洲,伦敦,160 ms
104.21.12.245,LHR,欧洲,伦敦,160 ms
104.21.14.139,LHR,欧洲,伦敦,160 ms
104.21.2.64,LHR,欧洲,伦敦,160 ms
172.67.200.240,LHR,欧洲,伦敦,160 ms
104.21.39.112,LHR,欧洲,伦敦,160 ms
172.67.190.14,LHR,欧洲,伦敦,160 ms
172.67.180.83,LHR,欧洲,伦敦,160 ms
172.67.198.6,LHR,欧洲,伦敦,160 ms
172.67.238.138,LHR,欧洲,伦敦,160 ms
104.21.67.175,LHR,欧洲,伦敦,160 ms
104.19.70.41,SJC,北美洲,圣何塞,160 ms
104.21.199.24,LHR,欧洲,伦敦,160 ms
104.21.107.134,LHR,欧洲,伦敦,160 ms
104.21.121.203,LHR,欧洲,伦敦,160 ms
172.67.135.254,LHR,欧洲,伦敦,160 ms
172.67.229.185,LHR,欧洲,伦敦,160 ms
104.21.127.199,LHR,欧洲,伦敦,160 ms
172.67.211.59,LHR,欧洲,伦敦,160 ms
172.67.137.60,LHR,欧洲,伦敦,160 ms
104.19.11.63,SJC,北美洲,圣何塞,160 ms
172.67.141.151,LHR,欧洲,伦敦,160 ms
104.19.67.202,SJC,北美洲,圣何塞,160 ms
172.67.188.151,LHR,欧洲,伦敦,160 ms
104.19.123.162,SJC,北美洲,圣何塞,160 ms
104.21.33.82,LHR,欧洲,伦敦,160 ms
104.21.117.179,LHR,欧洲,伦敦,160 ms
104.21.222.40,LHR,欧洲,伦敦,160 ms
172.67.194.153,LHR,欧洲,伦敦,160 ms
172.67.227.205,LHR,欧洲,伦敦,160 ms
172.67.189.51,LHR,欧洲,伦敦,160 ms
172.67.250.47,LHR,欧洲,伦敦,160 ms
172.67.249.14,LHR,欧洲,伦敦,160 ms
172.67.162.86,LHR,欧洲,伦敦,160 ms
172.67.170.229,LHR,欧洲,伦敦,160 ms
104.21.59.164,LHR,欧洲,伦敦,160 ms
104.21.60.170,LHR,欧洲,伦敦,160 ms
104.21.19.247,LHR,欧洲,伦敦,160 ms
172.67.246.95,LHR,欧洲,伦敦,160 ms
104.19.121.74,SJC,北美洲,圣何塞,160 ms
172.67.147.173,LHR,欧洲,伦敦,160 ms
104.21.7.9,LHR,欧洲,伦敦,160 ms
104.21.104.97,LHR,欧洲,伦敦,160 ms
172.67.254.96,LHR,欧洲,伦敦,160 ms
172.67.157.201,LHR,欧洲,伦敦,160 ms
104.21.71.203,LHR,欧洲,伦敦,160 ms
104.18.50.142,SJC,北美洲,圣何塞,160 ms
172.67.133.246,LHR,欧洲,伦敦,160 ms
104.21.223.195,LHR,欧洲,伦敦,160 ms
104.21.206.234,LHR,欧洲,伦敦,160 ms
172.67.202.253,LHR,欧洲,伦敦,160 ms
104.21.15.33,LHR,欧洲,伦敦,160 ms
104.19.32.111,SJC,北美洲,圣何塞,161 ms
172.67.235.158,LHR,欧洲,伦敦,161 ms
172.67.152.162,LHR,欧洲,伦敦,161 ms
104.21.21.71,LHR,欧洲,伦敦,161 ms
188.114.97.81,LHR,欧洲,伦敦,161 ms
172.67.215.241,LHR,欧洲,伦敦,161 ms
104.19.79.103,SJC,北美洲,圣何塞,161 ms
104.21.56.64,LHR,欧洲,伦敦,161 ms
104.21.75.47,LHR,欧洲,伦敦,161 ms
104.21.116.111,LHR,欧洲,伦敦,161 ms
104.21.62.207,LHR,欧洲,伦敦,161 ms
104.21.84.90,LHR,欧洲,伦敦,161 ms
104.21.95.219,LHR,欧洲,伦敦,161 ms
172.67.199.209,LHR,欧洲,伦敦,161 ms
104.19.41.249,SJC,北美洲,圣何塞,161 ms
104.19.107.116,SJC,北美洲,圣何塞,161 ms
172.67.149.46,LHR,欧洲,伦敦,161 ms
104.19.116.67,SJC,北美洲,圣何塞,161 ms
104.21.6.106,LHR,欧洲,伦敦,161 ms
104.19.85.96,SJC,北美洲,圣何塞,161 ms
104.21.69.236,LHR,欧洲,伦敦,161 ms
104.21.8.174,LHR,欧洲,伦敦,161 ms
104.21.100.48,LHR,欧洲,伦敦,161 ms
104.19.48.60,SJC,北美洲,圣何塞,161 ms
104.19.16.22,SJC,北美洲,圣何塞,161 ms
172.67.240.86,LHR,欧洲,伦敦,161 ms
104.21.126.58,LHR,欧洲,伦敦,161 ms
104.21.82.200,LHR,欧洲,伦敦,161 ms
104.21.37.241,LHR,欧洲,伦敦,161 ms
104.21.0.173,LHR,欧洲,伦敦,161 ms
172.67.195.107,LHR,欧洲,伦敦,161 ms
104.21.111.101,LHR,欧洲,伦敦,161 ms
172.67.156.184,LHR,欧洲,伦敦,161 ms
172.67.155.95,LHR,欧洲,伦敦,161 ms
172.67.128.77,LHR,欧洲,伦敦,161 ms
172.67.153.147,LHR,欧洲,伦敦,161 ms
172.67.244.45,LHR,欧洲,伦敦,161 ms
172.67.131.122,LHR,欧洲,伦敦,161 ms
104.21.5.12,LHR,欧洲,伦敦,161 ms
104.21.83.94,LHR,欧洲,伦敦,161 ms
104.19.31.211,SJC,北美洲,圣何塞,161 ms
104.19.112.63,SJC,北美洲,圣何塞,161 ms
104.21.38.125,LHR,欧洲,伦敦,161 ms
172.67.207.20,LHR,欧洲,伦敦,162 ms
104.19.119.231,SJC,北美洲,圣何塞,162 ms
172.67.226.41,LHR,欧洲,伦敦,162 ms
104.19.42.37,SJC,北美洲,圣何塞,162 ms
104.21.32.193,LHR,欧洲,伦敦,162 ms
104.21.9.127,LHR,欧洲,伦敦,162 ms
104.19.102.95,SJC,北美洲,圣何塞,162 ms
104.21.193.165,LHR,欧洲,伦敦,162 ms
172.67.212.138,LHR,欧洲,伦敦,162 ms
104.21.11.165,LHR,欧洲,伦敦,162 ms
172.67.208.223,LHR,欧洲,伦敦,162 ms
104.19.92.88,SJC,北美洲,圣何塞,162 ms
104.19.115.71,SJC,北美洲,圣何塞,162 ms
104.19.94.125,SJC,北美洲,圣何塞,162 ms
172.67.181.149,LHR,欧洲,伦敦,162 ms
104.19.56.182,SJC,北美洲,圣何塞,162 ms
104.21.54.228,LHR,欧洲,伦敦,162 ms
104.19.89.50,SJC,北美洲,圣何塞,162 ms
172.67.145.129,LHR,欧洲,伦敦,162 ms
172.67.144.194,LHR,欧洲,伦敦,162 ms
104.19.21.198,SJC,北美洲,圣何塞,162 ms
172.67.136.138,LHR,欧洲,伦敦,162 ms
172.67.158.12,LHR,欧洲,伦敦,162 ms
172.67.159.217,LHR,欧洲,伦敦,162 ms
104.21.200.243,LHR,欧洲,伦敦,162 ms
104.19.28.41,SJC,北美洲,圣何塞,162 ms
104.19.20.21,SJC,北美洲,圣何塞,162 ms
104.21.209.187,LHR,欧洲,伦敦,162 ms
104.19.73.179,SJC,北美洲,圣何塞,162 ms
172.67.225.240,LHR,欧洲,伦敦,162 ms
172.67.204.102,LHR,欧洲,伦敦,162 ms
104.21.115.54,LHR,欧洲,伦敦,162 ms
104.19.83.45,SJC,北美洲,圣何塞,162 ms
104.21.18.85,LHR,欧洲,伦敦,162 ms
104.21.219.13,LHR,欧洲,伦敦,162 ms
104.18.54.255,SJC,北美洲,圣何塞,162 ms
104.19.122.235,SJC,北美洲,圣何塞,162 ms
172.67.245.197,LHR,欧洲,伦敦,162 ms
104.19.53.30,SJC,北美洲,圣何塞,162 ms
172.67.234.227,LHR,欧洲,伦敦,162 ms
104.21.23.183,LHR,欧洲,伦敦,162 ms
104.19.117.143,SJC,北美洲,圣何塞,162 ms
104.21.24.221,LHR,欧洲,伦敦,162 ms
104.21.210.89,LHR,欧洲,伦敦,163 ms
104.18.61.162,SJC,北美洲,圣何塞,163 ms
172.67.205.232,LHR,欧洲,伦敦,163 ms
104.21.36.50,LHR,欧洲,伦敦,163 ms
104.21.26.4,LHR,欧洲,伦敦,163 ms
104.19.7.44,SJC,北美洲,圣何塞,163 ms
104.19.84.76,SJC,北美洲,圣何塞,163 ms
104.19.91.166,SJC,北美洲,圣何塞,163 ms
104.21.20.141,LHR,欧洲,伦敦,163 ms
104.21.192.224,LHR,欧洲,伦敦,163 ms
172.67.209.241,LHR,欧洲,伦敦,163 ms
104.21.80.78,LHR,欧洲,伦敦,163 ms
104.21.211.133,LHR,欧洲,伦敦,163 ms
104.21.202.178,LHR,欧洲,伦敦,163 ms
104.19.62.36,SJC,北美洲,圣何塞,163 ms
172.67.179.118,LHR,欧洲,伦敦,163 ms
104.21.218.108,LHR,欧洲,伦敦,163 ms
104.19.114.87,SJC,北美洲,圣何塞,163 ms
104.19.118.112,SJC,北美洲,圣何塞,163 ms
104.21.92.233,LHR,欧洲,伦敦,163 ms
172.67.233.156,LHR,欧洲,伦敦,163 ms
172.67.160.246,LHR,欧洲,伦敦,163 ms
104.19.13.227,SJC,北美洲,圣何塞,163 ms
172.67.176.130,LHR,欧洲,伦敦,163 ms
104.19.99.10,SJC,北美洲,圣何塞,163 ms
104.21.113.210,LHR,欧洲,伦敦,163 ms
198.41.205.81,SJC,北美洲,圣何塞,163 ms
104.21.72.68,LHR,欧洲,伦敦,163 ms
172.67.130.140,LHR,欧洲,伦敦,164 ms
104.19.18.236,SJC,北美洲,圣何塞,164 ms
104.21.31.139,LHR,欧洲,伦敦,164 ms
173.245.49.130,SJC,北美洲,圣何塞,164 ms
172.67.236.116,LHR,欧洲,伦敦,164 ms
104.21.205.19,LHR,欧洲,伦敦,164 ms
104.21.204.141,LHR,欧洲,伦敦,164 ms
141.101.121.169,SJC,北美洲,圣何塞,164 ms
172.67.182.166,LHR,欧洲,伦敦,164 ms
104.18.59.205,SJC,北美洲,圣何塞,164 ms
104.19.33.20,SJC,北美洲,圣何塞,164 ms
104.19.66.122,SJC,北美洲,圣何塞,164 ms
104.21.46.75,LHR,欧洲,伦敦,164 ms
104.21.76.225,LHR,欧洲,伦敦,164 ms
104.21.35.20,LHR,欧洲,伦敦,164 ms
104.19.52.48,SJC,北美洲,圣何塞,164 ms
104.21.77.68,LHR,欧洲,伦敦,164 ms
104.19.103.178,SJC,北美洲,圣何塞,164 ms
172.67.185.156,LHR,欧洲,伦敦,164 ms
104.19.51.152,SJC,北美洲,圣何塞,165 ms
172.67.206.150,LHR,欧洲,伦敦,165 ms
104.21.112.196,LHR,欧洲,伦敦,165 ms
104.19.44.95,SJC,北美洲,圣何塞,165 ms
104.18.49.203,SJC,北美洲,圣何塞,165 ms
104.21.10.64,LHR,欧洲,伦敦,165 ms
104.21.81.37,LHR,欧洲,伦敦,165 ms
104.19.26.73,SJC,北美洲,圣何塞,165 ms
104.21.101.242,LHR,欧洲,伦敦,165 ms
172.67.184.63,LHR,欧洲,伦敦,165 ms
104.21.114.41,LHR,欧洲,伦敦,165 ms
104.21.79.199,LHR,欧洲,伦敦,166 ms
104.19.127.73,SJC,北美洲,圣何塞,166 ms
104.19.58.68,SJC,北美洲,圣何塞,166 ms
104.21.94.125,LHR,欧洲,伦敦,166 ms
104.21.203.58,LHR,欧洲,伦敦,166 ms
104.21.78.59,LHR,欧洲,伦敦,166 ms
104.19.60.89,SJC,北美洲,圣何塞,166 ms
104.21.30.134,LHR,欧洲,伦敦,167 ms
104.19.74.242,SJC,北美洲,圣何塞,167 ms
104.19.93.33,SJC,北美洲,圣何塞,167 ms
104.21.93.51,LHR,欧洲,伦敦,167 ms
104.19.36.254,SJC,北美洲,圣何塞,167 ms
104.21.28.221,LHR,欧洲,伦敦,167 ms
104.19.120.140,SJC,北美洲,圣何塞,168 ms
104.19.5.129,SJC,北美洲,圣何塞,168 ms
104.19.72.149,SJC,北美洲,圣何塞,168 ms
104.18.57.14,SJC,北美洲,圣何塞,168 ms
104.19.77.162,SJC,北美洲,圣何塞,168 ms
104.19.19.126,SJC,北美洲,圣何塞,168 ms
104.19.38.213,SJC,北美洲,圣何塞,168 ms
104.19.98.78,SJC,北美洲,圣何塞,169 ms
104.21.29.76,LHR,欧洲,伦敦,169 ms
104.19.69.230,SJC,北美洲,圣何塞,169 ms
104.19.50.138,SJC,北美洲,圣何塞,169 ms
104.18.55.187,SJC,北美洲,圣何塞,169 ms
104.19.22.81,SJC,北美洲,圣何塞,169 ms
104.19.46.248,SJC,北美洲,圣何塞,169 ms
104.16.125.28,LAX,北美洲,洛杉矶,169 ms
104.19.106.126,SJC,北美洲,圣何塞,169 ms
104.19.3.35,SJC,北美洲,圣何塞,170 ms
104.19.104.93,SJC,北美洲,圣何塞,170 ms
104.19.141.212,LAX,北美洲,洛杉矶,170 ms
104.21.235.149,LAX,北美洲,洛杉矶,170 ms
104.19.63.129,SJC,北美洲,圣何塞,170 ms
104.19.65.198,SJC,北美洲,圣何塞,170 ms
162.159.250.210,LAX,北美洲,洛杉矶,170 ms
104.18.62.204,SJC,北美洲,圣何塞,170 ms
104.19.95.178,SJC,北美洲,圣何塞,170 ms
104.19.55.148,SJC,北美洲,圣何塞,170 ms
104.19.132.222,LAX,北美洲,洛杉矶,170 ms
104.19.29.219,SJC,北美洲,圣何塞,170 ms
104.19.8.55,SJC,北美洲,圣何塞,170 ms
104.19.135.231,LAX,北美洲,洛杉矶,170 ms
104.19.110.127,SJC,北美洲,圣何塞,170 ms
104.18.120.73,LAX,北美洲,洛杉矶,170 ms
104.19.43.43,SJC,北美洲,圣何塞,171 ms
104.19.61.51,SJC,北美洲,圣何塞,171 ms
104.21.229.13,LAX,北美洲,洛杉矶,171 ms
104.19.105.184,SJC,北美洲,圣何塞,171 ms
172.64.204.158,SJC,北美洲,圣何塞,171 ms
104.19.81.135,SJC,北美洲,圣何塞,171 ms
104.19.49.157,SJC,北美洲,圣何塞,171 ms
172.64.137.166,SJC,北美洲,圣何塞,171 ms
172.64.203.78,SJC,北美洲,圣何塞,172 ms
172.64.142.233,SJC,北美洲,圣何塞,172 ms
172.64.196.168,SJC,北美洲,圣何塞,172 ms
172.64.174.146,SJC,北美洲,圣何塞,172 ms
104.19.75.167,SJC,北美洲,圣何塞,172 ms
172.64.168.227,SJC,北美洲,圣何塞,172 ms
172.64.206.126,SJC,北美洲,圣何塞,173 ms
172.64.173.171,SJC,北美洲,圣何塞,173 ms
172.64.169.206,SJC,北美洲,圣何塞,173 ms
198.41.200.10,SJC,北美洲,圣何塞,173 ms
172.64.98.220,SJC,北美洲,圣何塞,173 ms
104.19.47.143,SJC,北美洲,圣何塞,173 ms
172.64.131.12,SJC,北美洲,圣何塞,173 ms
172.64.160.41,SJC,北美洲,圣何塞,173 ms
172.64.164.150,SJC,北美洲,圣何塞,174 ms
172.64.138.181,SJC,北美洲,圣何塞,174 ms
172.64.161.77,SJC,北美洲,圣何塞,174 ms
104.19.24.15,SJC,北美洲,圣何塞,174 ms
172.64.202.102,SJC,北美洲,圣何塞,174 ms
104.19.78.137,SJC,北美洲,圣何塞,174 ms
104.16.116.67,LAX,北美洲,洛杉矶,174 ms
172.64.163.198,SJC,北美洲,圣何塞,175 ms
172.64.207.39,SJC,北美洲,圣何塞,175 ms
172.64.133.105,SJC,北美洲,圣何塞,175 ms
104.16.121.1,LAX,北美洲,洛杉矶,175 ms
104.18.63.250,SJC,北美洲,圣何塞,175 ms
104.19.87.140,SJC,北美洲,圣何塞,175 ms
172.64.140.206,SJC,北美洲,圣何塞,175 ms
104.18.56.216,SJC,北美洲,圣何塞,175 ms
104.18.58.226,SJC,北美洲,圣何塞,175 ms
172.64.172.44,SJC,北美洲,圣何塞,175 ms
104.18.122.160,LAX,北美洲,洛杉矶,176 ms
104.18.48.162,SJC,北美洲,圣何塞,176 ms
104.19.14.180,SJC,北美洲,圣何塞,176 ms
172.64.205.237,SJC,北美洲,圣何塞,176 ms
172.64.141.159,SJC,北美洲,圣何塞,176 ms
172.64.143.58,SJC,北美洲,圣何塞,176 ms
172.64.99.160,SJC,北美洲,圣何塞,177 ms
104.19.88.93,SJC,北美洲,圣何塞,177 ms
172.64.199.104,SJC,北美洲,圣何塞,177 ms
104.19.37.11,SJC,北美洲,圣何塞,178 ms
172.64.171.242,SJC,北美洲,圣何塞,178 ms
172.64.100.94,SJC,北美洲,圣何塞,179 ms
104.19.15.216,SJC,北美洲,圣何塞,179 ms
172.64.175.113,SJC,北美洲,圣何塞,179 ms
172.64.166.16,SJC,北美洲,圣何塞,179 ms
172.64.130.119,SJC,北美洲,圣何塞,179 ms
172.64.107.134,SJC,北美洲,圣何塞,179 ms
104.19.140.15,LAX,北美洲,洛杉矶,179 ms
172.64.134.174,SJC,北美洲,圣何塞,179 ms
104.21.238.246,LAX,北美洲,洛杉矶,180 ms
172.64.110.118,SJC,北美洲,圣何塞,180 ms
104.21.232.232,LAX,北美洲,洛杉矶,180 ms
104.19.242.31,LAX,北美洲,洛杉矶,180 ms
104.19.240.54,LAX,北美洲,洛杉矶,180 ms
162.159.38.33,LAX,北美洲,洛杉矶,180 ms
104.21.233.91,LAX,北美洲,洛杉矶,181 ms
172.64.195.124,SJC,北美洲,圣何塞,181 ms
104.19.134.147,LAX,北美洲,洛杉矶,181 ms
172.64.111.124,SJC,北美洲,圣何塞,181 ms
162.159.45.158,LAX,北美洲,洛杉矶,181 ms
104.19.126.78,SJC,北美洲,圣何塞,181 ms
172.64.197.246,SJC,北美洲,圣何塞,182 ms
104.19.251.225,LAX,北美洲,洛杉矶,182 ms
104.18.115.57,LAX,北美洲,洛杉矶,182 ms
172.64.192.60,SJC,北美洲,圣何塞,182 ms
162.159.245.173,LAX,北美洲,洛杉矶,182 ms
104.18.51.26,SJC,北美洲,圣何塞,182 ms
104.19.100.151,SJC,北美洲,圣何塞,182 ms
172.64.132.226,SJC,北美洲,圣何塞,183 ms
104.19.254.27,LAX,北美洲,洛杉矶,183 ms
104.19.1.233,SJC,北美洲,圣何塞,183 ms
162.159.252.15,LAX,北美洲,洛杉矶,183 ms
104.18.114.15,LAX,北美洲,洛杉矶,183 ms
104.19.27.57,SJC,北美洲,圣何塞,183 ms
104.19.90.2,SJC,北美洲,圣何塞,183 ms
104.19.12.53,SJC,北美洲,圣何塞,183 ms
104.19.82.216,SJC,北美洲,圣何塞,183 ms
104.21.227.54,LAX,北美洲,洛杉矶,183 ms
104.19.30.95,SJC,北美洲,圣何塞,184 ms
104.18.52.56,SJC,北美洲,圣何塞,184 ms
104.19.76.92,SJC,北美洲,圣何塞,184 ms
104.19.249.74,LAX,北美洲,洛杉矶,184 ms
104.19.97.99,SJC,北美洲,圣何塞,184 ms
104.19.111.95,SJC,北美洲,圣何塞,184 ms
104.18.124.68,LAX,北美洲,洛杉矶,184 ms
104.19.131.216,LAX,北美洲,洛杉矶,184 ms
104.19.40.116,SJC,北美洲,圣何塞,184 ms
104.19.101.234,SJC,北美洲,圣何塞,185 ms
104.16.123.156,LAX,北美洲,洛杉矶,185 ms
104.19.45.86,SJC,北美洲,圣何塞,185 ms
104.19.68.250,SJC,北美洲,圣何塞,185 ms
104.19.108.47,SJC,北美洲,圣何塞,185 ms
104.19.0.230,SJC,北美洲,圣何塞,185 ms
104.19.6.157,SJC,北美洲,圣何塞,185 ms
104.19.96.249,SJC,北美洲,圣何塞,185 ms
104.19.17.112,SJC,北美洲,圣何塞,185 ms
104.19.4.84,SJC,北美洲,圣何塞,185 ms
104.19.25.82,SJC,北美洲,圣何塞,186 ms
172.64.135.79,SJC,北美洲,圣何塞,186 ms
172.64.101.154,SJC,北美洲,圣何塞,186 ms
104.16.119.165,LAX,北美洲,洛杉矶,186 ms
141.101.123.98,SJC,北美洲,圣何塞,186 ms
162.159.251.189,LAX,北美洲,洛杉矶,187 ms
104.19.54.3,SJC,北美洲,圣何塞,187 ms
104.19.86.61,SJC,北美洲,圣何塞,187 ms
104.19.125.243,SJC,北美洲,圣何塞,187 ms
198.41.218.27,SJC,北美洲,圣何塞,187 ms
104.18.125.8,LAX,北美洲,洛杉矶,187 ms
104.19.34.125,SJC,北美洲,圣何塞,187 ms
104.18.123.191,LAX,北美洲,洛杉矶,187 ms
104.19.59.194,SJC,北美洲,圣何塞,188 ms
104.18.36.18,LAX,北美洲,洛杉矶,188 ms
172.64.200.87,SJC,北美洲,圣何塞,188 ms
104.18.127.149,LAX,北美洲,洛杉矶,188 ms
104.21.237.160,LAX,北美洲,洛杉矶,188 ms
104.18.121.168,LAX,北美洲,洛杉矶,188 ms
104.19.143.215,LAX,北美洲,洛杉矶,189 ms
104.18.117.138,LAX,北美洲,洛杉矶,189 ms
104.21.225.109,LAX,北美洲,洛杉矶,189 ms
172.64.103.216,SJC,北美洲,圣何塞,189 ms
104.19.139.68,LAX,北美洲,洛杉矶,189 ms
162.159.254.9,LAX,北美洲,洛杉矶,189 ms
104.19.252.250,LAX,北美洲,洛杉矶,189 ms
172.64.139.3,SJC,北美洲,圣何塞,189 ms
162.159.249.35,LAX,北美洲,洛杉矶,189 ms
104.19.247.54,LAX,北美洲,洛杉矶,189 ms
104.19.250.78,LAX,北美洲,洛杉矶,190 ms
104.16.127.224,LAX,北美洲,洛杉矶,190 ms
104.16.115.252,LAX,北美洲,洛杉矶,190 ms
172.64.40.209,LAX,北美洲,洛杉矶,190 ms
104.21.234.121,LAX,北美洲,洛杉矶,190 ms
104.19.222.156,SJC,北美洲,圣何塞,190 ms
104.17.215.130,SJC,北美洲,圣何塞,190 ms
104.19.113.100,SJC,北美洲,圣何塞,190 ms
141.101.120.123,SJC,北美洲,圣何塞,190 ms
104.16.113.70,LAX,北美洲,洛杉矶,190 ms
162.159.255.171,LAX,北美洲,洛杉矶,190 ms
104.16.126.37,LAX,北美洲,洛杉矶,190 ms
104.16.117.96,LAX,北美洲,洛杉矶,191 ms
104.19.109.0,SJC,北美洲,圣何塞,191 ms
104.18.126.68,LAX,北美洲,洛杉矶,191 ms
104.16.112.216,LAX,北美洲,洛杉矶,191 ms
104.16.118.175,LAX,北美洲,洛杉矶,191 ms
104.19.243.22,LAX,北美洲,洛杉矶,191 ms
104.18.119.201,LAX,北美洲,洛杉矶,191 ms
104.19.10.246,SJC,北美洲,圣何塞,191 ms
104.21.228.225,LAX,北美洲,洛杉矶,191 ms
104.18.118.233,LAX,北美洲,洛杉矶,192 ms
104.19.9.23,SJC,北美洲,圣何塞,192 ms
104.21.224.93,LAX,北美洲,洛杉矶,192 ms
172.64.194.81,SJC,北美洲,圣何塞,192 ms
104.16.120.73,LAX,北美洲,洛杉矶,193 ms
104.19.23.62,SJC,北美洲,圣何塞,193 ms
104.16.124.251,LAX,北美洲,洛杉矶,194 ms
104.19.57.137,SJC,北美洲,圣何塞,194 ms
172.64.193.137,SJC,北美洲,圣何塞,194 ms
172.64.162.153,SJC,北美洲,圣何塞,194 ms
172.64.167.11,SJC,北美洲,圣何塞,194 ms
104.18.53.254,SJC,北美洲,圣何塞,194 ms
104.19.246.172,LAX,北美洲,洛杉矶,195 ms
104.18.31.86,HKG,亚太地区,香港,196 ms
104.17.73.87,HKG,亚太地区,香港,196 ms
104.16.114.125,LAX,北美洲,洛杉矶,196 ms
104.17.65.48,HKG,亚太地区,香港,197 ms
104.19.35.164,SJC,北美洲,圣何塞,197 ms
104.22.59.143,HKG,亚太地区,香港,197 ms
104.22.57.87,HKG,亚太地区,香港,197 ms
104.22.26.4,HKG,亚太地区,香港,197 ms
172.64.198.193,SJC,北美洲,圣何塞,197 ms
172.67.46.98,HKG,亚太地区,香港,197 ms
172.64.108.14,SJC,北美洲,圣何塞,197 ms
172.67.30.13,HKG,亚太地区,香港,197 ms
162.159.243.45,LAX,北美洲,洛杉矶,197 ms
104.17.142.148,HKG,亚太地区,香港,198 ms
104.18.112.39,LAX,北美洲,洛杉矶,198 ms
172.64.136.64,SJC,北美洲,圣何塞,198 ms
172.64.106.150,SJC,北美洲,圣何塞,198 ms
104.16.223.155,HKG,亚太地区,香港,198 ms
104.18.60.141,SJC,北美洲,圣何塞,198 ms
104.21.230.198,LAX,北美洲,洛杉矶,198 ms
104.18.17.83,HKG,亚太地区,香港,198 ms
104.17.79.238,HKG,亚太地区,香港,198 ms
104.17.77.79,HKG,亚太地区,香港,198 ms
162.159.248.89,LAX,北美洲,洛杉矶,199 ms
104.22.52.253,HKG,亚太地区,香港,199 ms
172.67.20.137,HKG,亚太地区,香港,199 ms
172.67.38.54,HKG,亚太地区,香港,199 ms
104.21.226.194,LAX,北美洲,洛杉矶,199 ms
104.19.245.136,LAX,北美洲,洛杉矶,199 ms
104.19.129.15,LAX,北美洲,洛杉矶,199 ms
172.67.29.37,HKG,亚太地区,香港,199 ms
104.22.55.164,HKG,亚太地区,香港,199 ms
172.67.17.13,HKG,亚太地区,香港,199 ms
104.18.18.26,HKG,亚太地区,香港,199 ms
162.159.244.33,LAX,北美洲,洛杉矶,199 ms
172.67.40.132,HKG,亚太地区,香港,199 ms
104.17.139.130,HKG,亚太地区,香港,200 ms
104.16.43.47,HKG,亚太地区,香港,200 ms
104.18.30.9,HKG,亚太地区,香港,200 ms
104.17.130.91,HKG,亚太地区,香港,200 ms
104.17.66.239,HKG,亚太地区,香港,200 ms
172.67.28.133,HKG,亚太地区,香港,200 ms
172.67.27.36,HKG,亚太地区,香港,200 ms
104.16.40.38,HKG,亚太地区,香港,200 ms
172.64.105.20,SJC,北美洲,圣何塞,200 ms
172.67.43.173,HKG,亚太地区,香港,200 ms
104.22.60.109,HKG,亚太地区,香港,200 ms
104.22.56.175,HKG,亚太地区,香港,200 ms
104.17.135.25,HKG,亚太地区,香港,200 ms
162.159.44.44,LAX,北美洲,洛杉矶,200 ms
104.16.46.152,HKG,亚太地区,香港,200 ms
104.16.36.133,HKG,亚太地区,香港,200 ms
172.67.26.246,HKG,亚太地区,香港,200 ms
162.159.253.170,LAX,北美洲,洛杉矶,200 ms
104.17.64.41,HKG,亚太地区,香港,200 ms
104.21.236.29,LAX,北美洲,洛杉矶,200 ms
104.18.116.202,LAX,北美洲,洛杉矶,200 ms
104.19.130.212,LAX,北美洲,洛杉矶,200 ms
104.22.51.190,HKG,亚太地区,香港,201 ms
104.22.27.218,HKG,亚太地区,香港,201 ms
104.17.71.135,HKG,亚太地区,香港,201 ms
104.17.134.222,HKG,亚太地区,香港,201 ms
104.22.58.172,HKG,亚太地区,香港,201 ms
104.18.28.85,HKG,亚太地区,香港,201 ms
172.67.21.215,HKG,亚太地区,香港,201 ms
104.18.24.174,HKG,亚太地区,香港,201 ms
104.16.45.9,HKG,亚太地区,香港,201 ms
104.17.78.88,HKG,亚太地区,香港,201 ms
104.18.23.237,HKG,亚太地区,香港,201 ms
104.17.69.181,HKG,亚太地区,香港,201 ms
104.16.213.74,HKG,亚太地区,香港,201 ms
104.21.231.228,LAX,北美洲,洛杉矶,201 ms
162.159.247.0,LAX,北美洲,洛杉矶,201 ms
104.22.31.102,HKG,亚太地区,香港,201 ms
104.16.217.72,HKG,亚太地区,香港,201 ms
104.16.216.17,HKG,亚太地区,香港,202 ms
104.22.29.27,HKG,亚太地区,香港,202 ms
104.22.53.57,HKG,亚太地区,香港,202 ms
172.67.33.253,HKG,亚太地区,香港,202 ms
104.18.16.105,HKG,亚太地区,香港,202 ms
104.16.219.72,HKG,亚太地区,香港,202 ms
104.16.38.180,HKG,亚太地区,香港,202 ms
104.16.33.88,HKG,亚太地区,香港,202 ms
162.159.10.11,SJC,北美洲,圣何塞,202 ms
104.16.122.202,LAX,北美洲,洛杉矶,202 ms
104.18.113.111,LAX,北美洲,洛杉矶,202 ms
162.159.246.31,LAX,北美洲,洛杉矶,202 ms
104.18.41.252,HKG,亚太地区,香港,202 ms
172.67.39.52,HKG,亚太地区,香港,202 ms
104.16.37.90,HKG,亚太地区,香港,202 ms
104.22.30.204,HKG,亚太地区,香港,202 ms
104.19.248.226,LAX,北美洲,洛杉矶,202 ms
104.16.42.64,HKG,亚太地区,香港,203 ms
172.64.154.22,HKG,亚太地区,香港,203 ms
172.64.201.62,SJC,北美洲,圣何塞,203 ms
104.16.34.3,HKG,亚太地区,香港,203 ms
104.18.26.63,HKG,亚太地区,香港,203 ms
172.67.35.174,HKG,亚太地区,香港,203 ms
172.67.47.209,HKG,亚太地区,香港,203 ms
172.67.22.3,HKG,亚太地区,香港,203 ms
104.16.47.61,HKG,亚太地区,香港,203 ms
162.159.242.153,LAX,北美洲,洛杉矶,203 ms
172.67.18.37,HKG,亚太地区,香港,203 ms
172.64.153.103,HKG,亚太地区,香港,203 ms
104.16.44.143,HKG,亚太地区,香港,204 ms
172.67.24.251,HKG,亚太地区,香港,204 ms
104.22.19.70,HKG,亚太地区,香港,204 ms
104.22.62.67,HKG,亚太地区,香港,204 ms
104.16.215.65,HKG,亚太地区,香港,204 ms
172.67.34.189,HKG,亚太地区,香港,204 ms
104.17.72.105,HKG,亚太地区,香港,204 ms
104.22.18.237,HKG,亚太地区,香港,204 ms
104.22.63.78,HKG,亚太地区,香港,204 ms
104.16.39.43,HKG,亚太地区,香港,204 ms
104.22.23.126,HKG,亚太地区,香港,205 ms
104.18.20.37,HKG,亚太地区,香港,205 ms
162.159.240.107,LAX,北美洲,洛杉矶,205 ms
104.16.208.134,HKG,亚太地区,香港,205 ms
104.18.34.127,HKG,亚太地区,香港,205 ms
172.64.128.205,SJC,北美洲,圣何塞,205 ms
104.17.143.92,HKG,亚太地区,香港,205 ms
104.19.244.197,LAX,北美洲,洛杉矶,206 ms
104.17.137.158,HKG,亚太地区,香港,206 ms
104.21.239.151,LAX,北美洲,洛杉矶,206 ms
104.17.128.101,HKG,亚太地区,香港,206 ms
104.17.132.122,HKG,亚太地区,香港,206 ms
104.22.22.243,HKG,亚太地区,香港,206 ms
162.159.39.157,LAX,北美洲,洛杉矶,206 ms
104.19.80.155,SJC,北美洲,圣何塞,206 ms
104.17.129.139,HKG,亚太地区,香港,206 ms
104.16.222.238,HKG,亚太地区,香港,206 ms
104.19.255.97,LAX,北美洲,洛杉矶,206 ms
104.17.68.17,HKG,亚太地区,香港,207 ms
104.22.25.238,HKG,亚太地区,香港,207 ms
104.16.32.82,HKG,亚太地区,香港,207 ms
104.16.209.230,HKG,亚太地区,香港,207 ms
104.19.241.95,LAX,北美洲,洛杉矶,208 ms
104.19.138.57,LAX,北美洲,洛杉矶,208 ms
104.19.136.208,LAX,北美洲,洛杉矶,208 ms
104.17.131.40,HKG,亚太地区,香港,208 ms
104.19.137.170,LAX,北美洲,洛杉矶,208 ms
104.19.71.178,SJC,北美洲,圣何塞,208 ms
104.17.136.117,HKG,亚太地区,香港,208 ms
104.22.17.61,HKG,亚太地区,香港,208 ms
104.19.142.62,LAX,北美洲,洛杉矶,208 ms
104.18.29.123,HKG,亚太地区,香港,208 ms
172.67.31.52,HKG,亚太地区,香港,208 ms
172.67.42.103,HKG,亚太地区,香港,208 ms
104.22.20.100,HKG,亚太地区,香港,209 ms
104.22.48.16,HKG,亚太地区,香港,209 ms
104.19.128.3,LAX,北美洲,洛杉矶,209 ms
104.17.140.22,HKG,亚太地区,香港,209 ms
104.17.133.50,HKG,亚太地区,香港,209 ms
172.67.37.174,HKG,亚太地区,香港,209 ms
104.16.214.12,HKG,亚太地区,香港,209 ms
104.19.133.166,LAX,北美洲,洛杉矶,209 ms
104.18.25.200,HKG,亚太地区,香港,209 ms
104.19.253.78,LAX,北美洲,洛杉矶,210 ms
104.22.61.117,HKG,亚太地区,香港,210 ms
104.17.74.164,HKG,亚太地区,香港,211 ms
162.159.241.51,LAX,北美洲,洛杉矶,211 ms
104.16.211.233,HKG,亚太地区,香港,211 ms
104.16.210.150,HKG,亚太地区,香港,213 ms
104.16.221.22,HKG,亚太地区,香港,213 ms
104.18.21.52,HKG,亚太地区,香港,214 ms
104.22.24.185,HKG,亚太地区,香港,215 ms
141.101.122.133,SJC,北美洲,圣何塞,216 ms
172.64.165.238,SJC,北美洲,圣何塞,218 ms
104.20.17.223,IAD,北美洲,阿什本,220 ms
104.27.9.13,IAD,北美洲,阿什本,221 ms
104.24.203.186,IAD,北美洲,阿什本,221 ms
104.20.137.184,IAD,北美洲,阿什本,223 ms
104.27.108.192,IAD,北美洲,阿什本,223 ms
172.64.78.8,ORD,北美洲,芝加哥,223 ms
104.24.251.124,IAD,北美洲,阿什本,224 ms
104.20.206.192,IAD,北美洲,阿什本,224 ms
104.25.251.173,IAD,北美洲,阿什本,224 ms
172.64.170.107,SJC,北美洲,圣何塞,224 ms
104.25.77.20,IAD,北美洲,阿什本,225 ms
104.25.152.251,IAD,北美洲,阿什本,225 ms
104.22.14.130,IAD,北美洲,阿什本,225 ms
172.64.233.6,CDG,欧洲,巴黎,225 ms
104.24.9.241,IAD,北美洲,阿什本,226 ms
104.24.88.166,IAD,北美洲,阿什本,226 ms
104.25.235.245,IAD,北美洲,阿什本,226 ms
104.24.4.153,IAD,北美洲,阿什本,226 ms
104.26.3.115,IAD,北美洲,阿什本,226 ms
104.20.158.207,IAD,北美洲,阿什本,226 ms
104.23.98.91,IAD,北美洲,阿什本,226 ms
104.23.139.168,IAD,北美洲,阿什本,226 ms
172.67.105.64,IAD,北美洲,阿什本,226 ms
104.24.180.193,IAD,北美洲,阿什本,226 ms
104.27.109.238,IAD,北美洲,阿什本,226 ms
104.24.70.60,IAD,北美洲,阿什本,227 ms
104.27.56.57,IAD,北美洲,阿什本,227 ms
104.20.223.3,IAD,北美洲,阿什本,227 ms
104.25.193.18,IAD,北美洲,阿什本,228 ms
104.25.154.236,IAD,北美洲,阿什本,228 ms
172.67.12.36,IAD,北美洲,阿什本,228 ms
104.20.151.107,IAD,北美洲,阿什本,228 ms
104.20.38.183,IAD,北美洲,阿什本,228 ms
104.24.93.42,IAD,北美洲,阿什本,228 ms
104.23.132.97,IAD,北美洲,阿什本,228 ms
172.67.14.97,IAD,北美洲,阿什本,228 ms
104.23.110.30,IAD,北美洲,阿什本,228 ms
104.24.229.213,IAD,北美洲,阿什本,229 ms
104.20.7.93,IAD,北美洲,阿什本,229 ms
104.24.40.35,IAD,北美洲,阿什本,229 ms
104.25.2.0,IAD,北美洲,阿什本,229 ms
104.24.143.12,IAD,北美洲,阿什本,229 ms
172.67.8.246,IAD,北美洲,阿什本,229 ms
104.20.68.243,IAD,北美洲,阿什本,230 ms
104.25.191.41,IAD,北美洲,阿什本,230 ms
172.67.110.53,IAD,北美洲,阿什本,230 ms
104.20.122.183,IAD,北美洲,阿什本,230 ms
172.67.70.251,IAD,北美洲,阿什本,230 ms
104.25.140.142,IAD,北美洲,阿什本,230 ms
104.25.131.228,IAD,北美洲,阿什本,230 ms
104.20.184.215,IAD,北美洲,阿什本,230 ms
104.20.111.230,IAD,北美洲,阿什本,231 ms
104.24.151.254,IAD,北美洲,阿什本,231 ms
104.25.250.129,IAD,北美洲,阿什本,231 ms
104.24.148.214,IAD,北美洲,阿什本,231 ms
104.27.23.149,IAD,北美洲,阿什本,231 ms
104.24.2.171,IAD,北美洲,阿什本,231 ms
104.27.86.11,IAD,北美洲,阿什本,231 ms
104.24.171.93,IAD,北美洲,阿什本,231 ms
104.25.242.234,IAD,北美洲,阿什本,231 ms
104.25.241.47,IAD,北美洲,阿什本,231 ms
172.67.93.96,IAD,北美洲,阿什本,231 ms
104.25.19.195,IAD,北美洲,阿什本,231 ms
104.20.71.31,IAD,北美洲,阿什本,231 ms
104.27.25.42,IAD,北美洲,阿什本,231 ms
104.23.140.52,IAD,北美洲,阿什本,231 ms
104.25.67.171,IAD,北美洲,阿什本,231 ms
104.25.151.253,IAD,北美洲,阿什本,231 ms
104.27.14.114,IAD,北美洲,阿什本,232 ms
104.20.187.141,IAD,北美洲,阿什本,232 ms
104.20.109.103,IAD,北美洲,阿什本,232 ms
172.67.102.225,IAD,北美洲,阿什本,232 ms
172.67.73.19,IAD,北美洲,阿什本,232 ms
104.24.133.172,IAD,北美洲,阿什本,232 ms
104.24.8.165,IAD,北美洲,阿什本,232 ms
172.67.84.200,IAD,北美洲,阿什本,232 ms
172.67.52.163,IAD,北美洲,阿什本,232 ms
104.20.161.122,IAD,北美洲,阿什本,232 ms
104.24.130.163,IAD,北美洲,阿什本,232 ms
104.20.215.62,IAD,北美洲,阿什本,232 ms
104.25.100.146,IAD,北美洲,阿什本,232 ms
104.27.53.253,IAD,北美洲,阿什本,232 ms
104.26.11.147,IAD,北美洲,阿什本,232 ms
104.25.196.30,IAD,北美洲,阿什本,232 ms
104.24.157.119,IAD,北美洲,阿什本,232 ms
104.25.33.145,IAD,北美洲,阿什本,233 ms
104.25.111.70,IAD,北美洲,阿什本,233 ms
104.26.15.141,IAD,北美洲,阿什本,233 ms
104.27.93.245,IAD,北美洲,阿什本,233 ms
172.67.5.228,IAD,北美洲,阿什本,233 ms
104.25.61.54,IAD,北美洲,阿什本,233 ms
104.20.57.176,IAD,北美洲,阿什本,233 ms
104.27.11.170,IAD,北美洲,阿什本,233 ms
104.24.209.35,IAD,北美洲,阿什本,233 ms
172.67.63.218,IAD,北美洲,阿什本,233 ms
172.67.88.237,IAD,北美洲,阿什本,233 ms
104.20.99.169,IAD,北美洲,阿什本,233 ms
104.27.37.63,IAD,北美洲,阿什本,233 ms
172.67.11.2,IAD,北美洲,阿什本,233 ms
104.20.213.223,IAD,北美洲,阿什本,233 ms
104.24.78.88,IAD,北美洲,阿什本,233 ms
104.20.209.234,IAD,北美洲,阿什本,234 ms
104.25.101.169,IAD,北美洲,阿什本,234 ms
104.25.143.192,IAD,北美洲,阿什本,234 ms
104.27.194.67,IAD,北美洲,阿什本,234 ms
104.25.20.9,IAD,北美洲,阿什本,234 ms
104.24.58.209,IAD,北美洲,阿什本,234 ms
104.27.112.244,IAD,北美洲,阿什本,234 ms
104.20.58.233,IAD,北美洲,阿什本,234 ms
104.27.26.47,IAD,北美洲,阿什本,234 ms
104.24.205.177,IAD,北美洲,阿什本,234 ms
172.67.87.102,IAD,北美洲,阿什本,234 ms
104.20.46.215,IAD,北美洲,阿什本,234 ms
104.23.108.220,IAD,北美洲,阿什本,234 ms
104.20.116.62,IAD,北美洲,阿什本,234 ms
104.27.57.60,IAD,北美洲,阿什本,234 ms
104.24.142.145,IAD,北美洲,阿什本,234 ms
104.24.223.168,IAD,北美洲,阿什本,234 ms
104.20.168.220,IAD,北美洲,阿什本,234 ms
104.20.210.88,IAD,北美洲,阿什本,234 ms
104.20.83.174,IAD,北美洲,阿什本,234 ms
104.27.64.11,IAD,北美洲,阿什本,234 ms
104.24.26.61,IAD,北美洲,阿什本,234 ms
104.24.182.151,IAD,北美洲,阿什本,234 ms
104.25.189.50,IAD,北美洲,阿什本,234 ms
172.67.125.2,IAD,北美洲,阿什本,235 ms
104.24.145.236,IAD,北美洲,阿什本,235 ms
172.67.71.17,IAD,北美洲,阿什本,235 ms
104.26.0.174,IAD,北美洲,阿什本,235 ms
104.20.170.226,IAD,北美洲,阿什本,235 ms
104.20.196.181,IAD,北美洲,阿什本,235 ms
104.20.141.78,IAD,北美洲,阿什本,235 ms
104.25.47.147,IAD,北美洲,阿什本,235 ms
104.20.5.186,IAD,北美洲,阿什本,235 ms
104.25.222.89,IAD,北美洲,阿什本,235 ms
104.24.162.245,IAD,北美洲,阿什本,235 ms
172.67.114.128,IAD,北美洲,阿什本,235 ms
172.67.13.115,IAD,北美洲,阿什本,235 ms
104.25.249.91,IAD,北美洲,阿什本,235 ms
104.25.107.75,IAD,北美洲,阿什本,235 ms
104.20.238.243,IAD,北美洲,阿什本,235 ms
141.101.113.205,IAD,北美洲,阿什本,235 ms
104.25.119.60,IAD,北美洲,阿什本,235 ms
104.24.246.14,IAD,北美洲,阿什本,235 ms
104.22.42.202,IAD,北美洲,阿什本,235 ms
104.24.197.243,IAD,北美洲,阿什本,235 ms
104.20.34.75,IAD,北美洲,阿什本,235 ms
104.25.150.143,IAD,北美洲,阿什本,235 ms
104.26.10.105,IAD,北美洲,阿什本,235 ms
104.25.185.145,IAD,北美洲,阿什本,235 ms
104.20.98.33,IAD,北美洲,阿什本,235 ms
104.25.188.179,IAD,北美洲,阿什本,235 ms
172.67.113.174,IAD,北美洲,阿什本,235 ms
104.25.120.139,IAD,北美洲,阿什本,236 ms
104.24.244.168,IAD,北美洲,阿什本,236 ms
104.25.9.220,IAD,北美洲,阿什本,236 ms
104.24.17.185,IAD,北美洲,阿什本,236 ms
104.20.100.98,IAD,北美洲,阿什本,236 ms
104.24.23.8,IAD,北美洲,阿什本,236 ms
104.20.212.121,IAD,北美洲,阿什本,236 ms
104.23.96.63,IAD,北美洲,阿什本,236 ms
104.20.54.142,IAD,北美洲,阿什本,236 ms
172.67.80.64,IAD,北美洲,阿什本,236 ms
104.24.53.96,IAD,北美洲,阿什本,236 ms
104.27.96.38,IAD,北美洲,阿什本,236 ms
104.22.71.142,IAD,北美洲,阿什本,236 ms
172.67.98.164,IAD,北美洲,阿什本,236 ms
104.25.103.255,IAD,北美洲,阿什本,236 ms
104.24.253.9,IAD,北美洲,阿什本,236 ms
104.20.76.27,IAD,北美洲,阿什本,236 ms
104.25.224.36,IAD,北美洲,阿什本,236 ms
104.25.136.251,IAD,北美洲,阿什本,236 ms
104.25.123.223,IAD,北美洲,阿什本,236 ms
104.27.95.0,IAD,北美洲,阿什本,236 ms
104.24.28.137,IAD,北美洲,阿什本,236 ms
104.20.162.102,IAD,北美洲,阿什本,236 ms
104.25.165.153,IAD,北美洲,阿什本,236 ms
104.24.80.106,IAD,北美洲,阿什本,237 ms
104.25.199.202,IAD,北美洲,阿什本,237 ms
104.25.163.204,IAD,北美洲,阿什本,237 ms
104.24.210.94,IAD,北美洲,阿什本,237 ms
104.26.4.68,IAD,北美洲,阿什本,237 ms
104.20.79.76,IAD,北美洲,阿什本,237 ms
104.24.5.164,IAD,北美洲,阿什本,237 ms
104.27.31.204,IAD,北美洲,阿什本,237 ms
104.26.6.144,IAD,北美洲,阿什本,237 ms
104.25.70.197,IAD,北美洲,阿什本,237 ms
104.25.214.211,IAD,北美洲,阿什本,237 ms
172.67.3.229,IAD,北美洲,阿什本,237 ms
104.20.59.185,IAD,北美洲,阿什本,237 ms
104.20.165.150,IAD,北美洲,阿什本,237 ms
104.25.22.162,IAD,北美洲,阿什本,237 ms
104.24.252.133,IAD,北美洲,阿什本,237 ms
104.20.32.251,IAD,北美洲,阿什本,237 ms
104.24.59.224,IAD,北美洲,阿什本,237 ms
104.25.116.23,IAD,北美洲,阿什本,237 ms
104.24.13.182,IAD,北美洲,阿什本,237 ms
104.27.22.114,IAD,北美洲,阿什本,237 ms
104.20.82.198,IAD,北美洲,阿什本,237 ms
104.25.167.64,IAD,北美洲,阿什本,237 ms
104.27.90.81,IAD,北美洲,阿什本,237 ms
104.20.198.178,IAD,北美洲,阿什本,237 ms
104.20.150.97,IAD,北美洲,阿什本,237 ms
104.20.177.146,IAD,北美洲,阿什本,237 ms
104.22.35.75,IAD,北美洲,阿什本,237 ms
104.20.31.86,IAD,北美洲,阿什本,238 ms
104.25.220.152,IAD,北美洲,阿什本,238 ms
104.27.104.46,IAD,北美洲,阿什本,238 ms
104.20.197.153,IAD,北美洲,阿什本,238 ms
104.24.56.32,IAD,北美洲,阿什本,238 ms
104.25.219.183,IAD,北美洲,阿什本,238 ms
172.67.89.169,IAD,北美洲,阿什本,238 ms
104.23.118.122,IAD,北美洲,阿什本,238 ms
104.24.169.190,IAD,北美洲,阿什本,238 ms
104.27.121.45,IAD,北美洲,阿什本,238 ms
104.25.52.20,IAD,北美洲,阿什本,238 ms
104.24.63.199,IAD,北美洲,阿什本,238 ms
104.23.127.168,IAD,北美洲,阿什本,238 ms
104.20.182.187,IAD,北美洲,阿什本,238 ms
104.27.52.87,IAD,北美洲,阿什本,238 ms
104.20.128.255,IAD,北美洲,阿什本,238 ms
104.25.195.184,IAD,北美洲,阿什本,238 ms
104.24.156.29,IAD,北美洲,阿什本,238 ms
172.67.74.113,IAD,北美洲,阿什本,238 ms
104.24.46.235,IAD,北美洲,阿什本,238 ms
104.27.48.112,IAD,北美洲,阿什本,238 ms
104.20.55.26,IAD,北美洲,阿什本,238 ms
104.24.55.36,IAD,北美洲,阿什本,238 ms
104.20.160.192,IAD,北美洲,阿什本,238 ms
104.27.87.48,IAD,北美洲,阿什本,238 ms
104.20.85.243,IAD,北美洲,阿什本,238 ms
104.23.125.222,IAD,北美洲,阿什本,238 ms
104.25.183.243,IAD,北美洲,阿什本,238 ms
104.22.9.26,IAD,北美洲,阿什本,238 ms
104.25.60.27,IAD,北美洲,阿什本,238 ms
104.23.129.52,IAD,北美洲,阿什本,238 ms
104.24.224.152,IAD,北美洲,阿什本,238 ms
104.27.99.174,IAD,北美洲,阿什本,238 ms
104.20.62.7,IAD,北美洲,阿什本,239 ms
104.27.54.134,IAD,北美洲,阿什本,239 ms
104.20.90.80,IAD,北美洲,阿什本,239 ms
104.20.129.191,IAD,北美洲,阿什本,239 ms
104.20.224.82,IAD,北美洲,阿什本,239 ms
104.20.70.3,IAD,北美洲,阿什本,239 ms
104.24.213.84,IAD,北美洲,阿什本,239 ms
104.24.89.142,IAD,北美洲,阿什本,239 ms
172.67.62.232,IAD,北美洲,阿什本,239 ms
104.22.39.193,IAD,北美洲,阿什本,239 ms
104.20.220.97,IAD,北美洲,阿什本,239 ms
104.24.176.182,IAD,北美洲,阿什本,239 ms
104.23.106.56,IAD,北美洲,阿什本,239 ms
104.25.127.178,IAD,北美洲,阿什本,239 ms
104.22.47.179,IAD,北美洲,阿什本,239 ms
104.20.241.171,IAD,北美洲,阿什本,239 ms
104.27.40.57,IAD,北美洲,阿什本,239 ms
104.20.240.232,IAD,北美洲,阿什本,239 ms
104.20.227.24,IAD,北美洲,阿什本,239 ms
104.27.30.121,IAD,北美洲,阿什本,239 ms
104.20.236.110,IAD,北美洲,阿什本,239 ms
172.67.117.41,IAD,北美洲,阿什本,239 ms
104.25.110.187,IAD,北美洲,阿什本,239 ms
104.24.160.89,IAD,北美洲,阿什本,239 ms
104.20.96.229,IAD,北美洲,阿什本,239 ms
104.24.184.4,IAD,北美洲,阿什本,239 ms
104.22.75.255,IAD,北美洲,阿什本,239 ms
104.20.18.225,IAD,北美洲,阿什本,239 ms
104.25.96.38,IAD,北美洲,阿什本,239 ms
104.23.131.157,IAD,北美洲,阿什本,239 ms
104.25.218.168,IAD,北美洲,阿什本,239 ms
104.27.117.42,IAD,北美洲,阿什本,240 ms
104.20.11.145,IAD,北美洲,阿什本,240 ms
104.22.4.190,IAD,北美洲,阿什本,240 ms
104.22.33.10,IAD,北美洲,阿什本,240 ms
104.25.207.200,IAD,北美洲,阿什本,240 ms
104.24.241.54,IAD,北美洲,阿什本,240 ms
172.67.120.176,IAD,北美洲,阿什本,240 ms
104.27.82.12,IAD,北美洲,阿什本,240 ms
104.27.44.132,IAD,北美洲,阿什本,240 ms
104.24.208.235,IAD,北美洲,阿什本,240 ms
104.25.18.96,IAD,北美洲,阿什本,240 ms
104.24.22.154,IAD,北美洲,阿什本,240 ms
172.67.51.224,IAD,北美洲,阿什本,240 ms
104.25.182.164,IAD,北美洲,阿什本,240 ms
172.67.67.16,IAD,北美洲,阿什本,240 ms
104.24.84.15,IAD,北美洲,阿什本,240 ms
104.20.4.219,IAD,北美洲,阿什本,240 ms
104.20.253.161,IAD,北美洲,阿什本,240 ms
104.20.229.28,IAD,北美洲,阿什本,240 ms
104.25.171.225,IAD,北美洲,阿什本,240 ms
104.26.1.224,IAD,北美洲,阿什本,240 ms
172.67.49.207,IAD,北美洲,阿什本,240 ms
104.22.11.159,IAD,北美洲,阿什本,240 ms
104.25.50.181,IAD,北美洲,阿什本,240 ms
104.25.202.84,IAD,北美洲,阿什本,240 ms
104.25.149.68,IAD,北美洲,阿什本,240 ms
104.24.90.231,IAD,北美洲,阿什本,240 ms
172.67.0.206,IAD,北美洲,阿什本,240 ms
172.67.75.207,IAD,北美洲,阿什本,240 ms
104.20.131.106,IAD,北美洲,阿什本,240 ms
104.24.7.151,IAD,北美洲,阿什本,240 ms
104.24.199.28,IAD,北美洲,阿什本,240 ms
104.27.19.67,IAD,北美洲,阿什本,240 ms
104.27.122.177,IAD,北美洲,阿什本,240 ms
104.20.124.239,IAD,北美洲,阿什本,240 ms
104.24.185.66,IAD,北美洲,阿什本,240 ms
104.24.186.117,IAD,北美洲,阿什本,240 ms
104.20.152.245,IAD,北美洲,阿什本,240 ms
104.24.216.159,IAD,北美洲,阿什本,240 ms
104.20.121.156,IAD,北美洲,阿什本,240 ms
104.24.245.30,IAD,北美洲,阿什本,240 ms
172.67.124.204,IAD,北美洲,阿什本,240 ms
104.24.36.209,IAD,北美洲,阿什本,240 ms
104.25.121.77,IAD,北美洲,阿什本,240 ms
172.67.116.156,IAD,北美洲,阿什本,240 ms
104.25.35.194,IAD,北美洲,阿什本,240 ms
104.24.57.180,IAD,北美洲,阿什本,240 ms
104.20.203.127,IAD,北美洲,阿什本,240 ms
104.24.129.242,IAD,北美洲,阿什本,240 ms
104.20.35.97,IAD,北美洲,阿什本,240 ms
104.20.174.117,IAD,北美洲,阿什本,241 ms
104.22.76.240,IAD,北美洲,阿什本,241 ms
104.20.0.251,IAD,北美洲,阿什本,241 ms
104.20.51.0,IAD,北美洲,阿什本,241 ms
104.27.206.19,IAD,北美洲,阿什本,241 ms
104.23.113.87,IAD,北美洲,阿什本,241 ms
104.20.110.87,IAD,北美洲,阿什本,241 ms
104.24.206.223,IAD,北美洲,阿什本,241 ms
104.20.148.214,IAD,北美洲,阿什本,241 ms
104.27.7.34,IAD,北美洲,阿什本,241 ms
104.27.33.8,IAD,北美洲,阿什本,241 ms
104.27.72.185,IAD,北美洲,阿什本,241 ms
104.24.85.220,IAD,北美洲,阿什本,241 ms
104.24.49.144,IAD,北美洲,阿什本,241 ms
104.27.74.191,IAD,北美洲,阿什本,241 ms
104.24.221.107,IAD,北美洲,阿什本,241 ms
104.20.101.3,IAD,北美洲,阿什本,241 ms
104.24.218.193,IAD,北美洲,阿什本,241 ms
104.25.210.48,IAD,北美洲,阿什本,241 ms
104.27.98.23,IAD,北美洲,阿什本,241 ms
104.24.74.152,IAD,北美洲,阿什本,241 ms
104.24.194.223,IAD,北美洲,阿什本,241 ms
104.20.78.245,IAD,北美洲,阿什本,241 ms
172.67.123.236,IAD,北美洲,阿什本,241 ms
104.20.95.83,IAD,北美洲,阿什本,241 ms
104.24.161.15,IAD,北美洲,阿什本,241 ms
104.25.15.4,IAD,北美洲,阿什本,241 ms
104.25.180.60,IAD,北美洲,阿什本,241 ms
104.24.146.242,IAD,北美洲,阿什本,241 ms
104.20.252.102,IAD,北美洲,阿什本,241 ms
172.67.4.31,IAD,北美洲,阿什本,241 ms
162.159.35.220,IAD,北美洲,阿什本,241 ms
104.20.192.99,IAD,北美洲,阿什本,241 ms
104.25.32.70,IAD,北美洲,阿什本,241 ms
104.24.29.141,IAD,北美洲,阿什本,241 ms
172.64.129.124,SJC,北美洲,圣何塞,241 ms
104.25.90.207,IAD,北美洲,阿什本,242 ms
104.25.89.96,IAD,北美洲,阿什本,242 ms
104.24.231.41,IAD,北美洲,阿什本,242 ms
104.20.247.99,IAD,北美洲,阿什本,242 ms
104.24.159.3,IAD,北美洲,阿什本,242 ms
104.25.0.14,IAD,北美洲,阿什本,242 ms
104.25.6.211,IAD,北美洲,阿什本,242 ms
104.27.68.87,IAD,北美洲,阿什本,242 ms
104.25.176.244,IAD,北美洲,阿什本,242 ms
104.20.8.66,IAD,北美洲,阿什本,242 ms
104.25.223.95,IAD,北美洲,阿什本,242 ms
104.27.81.178,IAD,北美洲,阿什本,242 ms
104.25.91.11,IAD,北美洲,阿什本,242 ms
104.27.51.197,IAD,北美洲,阿什本,242 ms
104.20.16.175,IAD,北美洲,阿什本,242 ms
104.20.60.161,IAD,北美洲,阿什本,242 ms
104.24.81.100,IAD,北美洲,阿什本,242 ms
104.25.68.185,IAD,北美洲,阿什本,242 ms
104.25.192.57,IAD,北美洲,阿什本,242 ms
104.26.8.181,IAD,北美洲,阿什本,242 ms
104.24.189.83,IAD,北美洲,阿什本,242 ms
104.25.38.163,IAD,北美洲,阿什本,242 ms
104.25.248.27,IAD,北美洲,阿什本,242 ms
104.25.3.165,IAD,北美洲,阿什本,242 ms
104.27.13.175,IAD,北美洲,阿什本,242 ms
104.26.12.113,IAD,北美洲,阿什本,242 ms
104.27.28.231,IAD,北美洲,阿什本,242 ms
104.20.77.77,IAD,北美洲,阿什本,242 ms
104.27.1.155,IAD,北美洲,阿什本,242 ms
104.26.5.130,IAD,北美洲,阿什本,242 ms
104.24.128.74,IAD,北美洲,阿什本,242 ms
104.25.95.105,IAD,北美洲,阿什本,242 ms
104.20.81.151,IAD,北美洲,阿什本,242 ms
104.24.168.246,IAD,北美洲,阿什本,242 ms
104.25.147.206,IAD,北美洲,阿什本,242 ms
104.25.109.110,IAD,北美洲,阿什本,242 ms
104.27.50.199,IAD,北美洲,阿什本,242 ms
104.25.85.85,IAD,北美洲,阿什本,242 ms
104.25.56.18,IAD,北美洲,阿什本,242 ms
104.23.99.129,IAD,北美洲,阿什本,242 ms
104.24.34.203,IAD,北美洲,阿什本,242 ms
104.24.136.193,IAD,北美洲,阿什本,242 ms
172.67.108.111,IAD,北美洲,阿什本,243 ms
104.25.66.243,IAD,北美洲,阿什本,243 ms
104.27.27.161,IAD,北美洲,阿什本,243 ms
104.20.120.123,IAD,北美洲,阿什本,243 ms
104.24.139.228,IAD,北美洲,阿什本,243 ms
104.24.141.221,IAD,北美洲,阿什本,243 ms
104.22.2.101,IAD,北美洲,阿什本,243 ms
104.25.37.222,IAD,北美洲,阿什本,243 ms
172.67.126.22,IAD,北美洲,阿什本,243 ms
104.20.53.222,IAD,北美洲,阿什本,243 ms
172.67.97.216,IAD,北美洲,阿什本,243 ms
104.26.9.143,IAD,北美洲,阿什本,243 ms
104.24.165.25,IAD,北美洲,阿什本,243 ms
104.27.114.191,IAD,北美洲,阿什本,243 ms
104.24.0.204,IAD,北美洲,阿什本,243 ms
104.24.27.249,IAD,北美洲,阿什本,243 ms
104.25.187.146,IAD,北美洲,阿什本,243 ms
104.24.47.48,IAD,北美洲,阿什本,243 ms
104.27.65.233,IAD,北美洲,阿什本,243 ms
104.25.168.248,IAD,北美洲,阿什本,243 ms
104.24.38.146,IAD,北美洲,阿什本,243 ms
104.24.76.204,IAD,北美洲,阿什本,243 ms
104.25.102.186,IAD,北美洲,阿什本,243 ms
104.25.93.62,IAD,北美洲,阿什本,243 ms
104.20.235.109,IAD,北美洲,阿什本,243 ms
104.20.255.191,IAD,北美洲,阿什本,243 ms
104.25.49.79,IAD,北美洲,阿什本,243 ms
104.27.5.55,IAD,北美洲,阿什本,243 ms
104.25.178.234,IAD,北美洲,阿什本,243 ms
104.20.73.175,IAD,北美洲,阿什本,243 ms
104.25.26.103,IAD,北美洲,阿什本,243 ms
104.25.141.151,IAD,北美洲,阿什本,243 ms
104.24.94.10,IAD,北美洲,阿什本,243 ms
104.27.35.167,IAD,北美洲,阿什本,243 ms
104.20.21.49,IAD,北美洲,阿什本,243 ms
104.20.239.180,IAD,北美洲,阿什本,244 ms
172.67.77.85,IAD,北美洲,阿什本,244 ms
104.20.127.133,IAD,北美洲,阿什本,244 ms
104.20.29.212,IAD,北美洲,阿什本,244 ms
104.23.123.66,IAD,北美洲,阿什本,244 ms
104.23.116.235,IAD,北美洲,阿什本,244 ms
104.20.6.104,IAD,北美洲,阿什本,244 ms
172.67.69.40,IAD,北美洲,阿什本,244 ms
104.25.118.195,IAD,北美洲,阿什本,244 ms
104.24.177.221,IAD,北美洲,阿什本,244 ms
104.24.201.101,IAD,北美洲,阿什本,244 ms
104.25.213.215,IAD,北美洲,阿什本,244 ms
104.24.178.185,IAD,北美洲,阿什本,244 ms
104.24.137.193,IAD,北美洲,阿什本,244 ms
104.25.62.255,IAD,北美洲,阿什本,244 ms
104.20.45.81,IAD,北美洲,阿什本,244 ms
104.22.77.74,IAD,北美洲,阿什本,244 ms
104.25.112.94,IAD,北美洲,阿什本,244 ms
104.27.205.200,IAD,北美洲,阿什本,244 ms
104.27.89.170,IAD,北美洲,阿什本,244 ms
104.24.215.255,IAD,北美洲,阿什本,244 ms
104.25.200.70,IAD,北美洲,阿什本,244 ms
104.27.120.212,IAD,北美洲,阿什本,244 ms
104.25.190.85,IAD,北美洲,阿什本,244 ms
172.67.76.28,IAD,北美洲,阿什本,244 ms
104.25.255.0,IAD,北美洲,阿什本,244 ms
104.25.181.170,IAD,北美洲,阿什本,244 ms
104.25.208.82,IAD,北美洲,阿什本,244 ms
104.25.48.96,IAD,北美洲,阿什本,244 ms
104.27.47.71,IAD,北美洲,阿什本,244 ms
104.20.249.226,IAD,北美洲,阿什本,244 ms
104.27.127.80,IAD,北美洲,阿什本,244 ms
104.24.166.130,IAD,北美洲,阿什本,244 ms
172.67.61.205,IAD,北美洲,阿什本,244 ms
104.22.73.159,IAD,北美洲,阿什本,244 ms
172.67.82.233,IAD,北美洲,阿什本,244 ms
104.24.50.95,IAD,北美洲,阿什本,244 ms
104.25.138.18,IAD,北美洲,阿什本,244 ms
104.25.215.7,IAD,北美洲,阿什本,244 ms
104.25.117.139,IAD,北美洲,阿什本,244 ms
104.27.106.5,IAD,北美洲,阿什本,244 ms
104.20.254.100,IAD,北美洲,阿什本,244 ms
104.20.24.171,IAD,北美洲,阿什本,244 ms
104.20.204.213,IAD,北美洲,阿什本,244 ms
104.24.144.207,IAD,北美洲,阿什本,244 ms
104.24.226.62,IAD,北美洲,阿什本,244 ms
104.20.23.191,IAD,北美洲,阿什本,244 ms
104.25.126.9,IAD,北美洲,阿什本,244 ms
104.22.44.41,IAD,北美洲,阿什本,244 ms
104.24.51.183,IAD,北美洲,阿什本,244 ms
104.25.252.197,IAD,北美洲,阿什本,244 ms
104.20.226.139,IAD,北美洲,阿什本,244 ms
104.24.135.248,IAD,北美洲,阿什本,244 ms
104.25.51.160,IAD,北美洲,阿什本,244 ms
104.20.153.178,IAD,北美洲,阿什本,244 ms
104.22.6.246,IAD,北美洲,阿什本,244 ms
104.25.130.208,IAD,北美洲,阿什本,245 ms
104.24.192.247,IAD,北美洲,阿什本,245 ms
172.67.86.222,IAD,北美洲,阿什本,245 ms
104.25.114.203,IAD,北美洲,阿什本,245 ms
104.25.234.219,IAD,北美洲,阿什本,245 ms
172.67.50.100,IAD,北美洲,阿什本,245 ms
104.27.12.197,IAD,北美洲,阿什本,245 ms
104.27.115.196,IAD,北美洲,阿什本,245 ms
104.20.56.158,IAD,北美洲,阿什本,245 ms
104.25.159.175,IAD,北美洲,阿什本,245 ms
104.24.65.19,IAD,北美洲,阿什本,245 ms
104.25.30.223,IAD,北美洲,阿什本,245 ms
104.24.220.205,IAD,北美洲,阿什本,245 ms
104.20.185.62,IAD,北美洲,阿什本,245 ms
104.27.192.84,IAD,北美洲,阿什本,245 ms
172.67.100.65,IAD,北美洲,阿什本,245 ms
104.20.104.130,IAD,北美洲,阿什本,245 ms
172.67.112.176,IAD,北美洲,阿什本,245 ms
104.20.248.68,IAD,北美洲,阿什本,245 ms
104.20.189.139,IAD,北美洲,阿什本,245 ms
104.23.141.165,IAD,北美洲,阿什本,245 ms
104.25.104.229,IAD,北美洲,阿什本,245 ms
104.27.76.155,IAD,北美洲,阿什本,245 ms
104.22.40.125,IAD,北美洲,阿什本,245 ms
104.24.69.242,IAD,北美洲,阿什本,245 ms
104.23.115.1,IAD,北美洲,阿什本,245 ms
104.25.11.187,IAD,北美洲,阿什本,245 ms
104.27.69.215,IAD,北美洲,阿什本,245 ms
104.24.211.228,IAD,北美洲,阿什本,245 ms
104.20.134.253,IAD,北美洲,阿什本,245 ms
104.20.172.168,IAD,北美洲,阿什本,245 ms
104.20.180.5,IAD,北美洲,阿什本,245 ms
104.20.50.154,IAD,北美洲,阿什本,245 ms
172.67.109.92,IAD,北美洲,阿什本,245 ms
104.24.82.223,IAD,北美洲,阿什本,245 ms
104.24.179.123,IAD,北美洲,阿什本,245 ms
104.27.17.103,IAD,北美洲,阿什本,245 ms
104.27.204.108,IAD,北美洲,阿什本,245 ms
104.20.40.226,IAD,北美洲,阿什本,245 ms
104.24.43.54,IAD,北美洲,阿什本,245 ms
172.67.48.227,IAD,北美洲,阿什本,245 ms
104.25.227.192,IAD,北美洲,阿什本,245 ms
104.25.231.50,IAD,北美洲,阿什本,245 ms
104.25.246.44,IAD,北美洲,阿什本,245 ms
104.25.87.212,IAD,北美洲,阿什本,245 ms
172.67.99.23,IAD,北美洲,阿什本,245 ms
104.27.32.188,IAD,北美洲,阿什本,245 ms
104.20.112.6,IAD,北美洲,阿什本,245 ms
104.24.198.16,IAD,北美洲,阿什本,245 ms
104.27.49.80,IAD,北美洲,阿什本,245 ms
104.27.77.196,IAD,北美洲,阿什本,245 ms
104.24.33.217,IAD,北美洲,阿什本,246 ms
104.24.10.52,IAD,北美洲,阿什本,246 ms
104.23.100.254,IAD,北美洲,阿什本,246 ms
104.25.108.144,IAD,北美洲,阿什本,246 ms
104.22.45.217,IAD,北美洲,阿什本,246 ms
104.20.199.199,IAD,北美洲,阿什本,246 ms
104.20.52.235,IAD,北美洲,阿什本,246 ms
198.41.212.85,IAD,北美洲,阿什本,246 ms
104.20.190.93,IAD,北美洲,阿什本,246 ms
172.67.55.196,IAD,北美洲,阿什本,246 ms
104.27.61.183,IAD,北美洲,阿什本,246 ms
104.25.54.153,IAD,北美洲,阿什本,246 ms
104.20.186.10,IAD,北美洲,阿什本,246 ms
104.23.97.190,IAD,北美洲,阿什本,246 ms
104.25.226.192,IAD,北美洲,阿什本,246 ms
104.25.217.167,IAD,北美洲,阿什本,246 ms
172.67.83.156,IAD,北美洲,阿什本,246 ms
104.27.193.69,IAD,北美洲,阿什本,246 ms
104.20.86.169,IAD,北美洲,阿什本,246 ms
104.27.20.41,IAD,北美洲,阿什本,246 ms
104.20.89.176,IAD,北美洲,阿什本,246 ms
104.20.91.242,IAD,北美洲,阿什本,246 ms
104.20.234.75,IAD,北美洲,阿什本,246 ms
104.27.125.161,IAD,北美洲,阿什本,246 ms
104.27.126.248,IAD,北美洲,阿什本,246 ms
104.24.138.76,IAD,北美洲,阿什本,246 ms
104.23.109.9,IAD,北美洲,阿什本,246 ms
104.25.25.128,IAD,北美洲,阿什本,246 ms
104.20.66.47,IAD,北美洲,阿什本,246 ms
172.67.118.26,IAD,北美洲,阿什本,246 ms
104.25.204.169,IAD,北美洲,阿什本,246 ms
104.24.164.129,IAD,北美洲,阿什本,246 ms
104.24.163.57,IAD,北美洲,阿什本,246 ms
104.27.8.33,IAD,北美洲,阿什本,247 ms
104.24.30.15,IAD,北美洲,阿什本,247 ms
104.25.254.24,IAD,北美洲,阿什本,247 ms
104.24.250.230,IAD,北美洲,阿什本,247 ms
104.25.55.71,IAD,北美洲,阿什本,247 ms
104.23.136.47,IAD,北美洲,阿什本,247 ms
104.23.126.251,IAD,北美洲,阿什本,247 ms
104.24.227.192,IAD,北美洲,阿什本,247 ms
104.24.91.239,IAD,北美洲,阿什本,247 ms
104.25.84.104,IAD,北美洲,阿什本,247 ms
104.27.110.237,IAD,北美洲,阿什本,247 ms
104.20.178.187,IAD,北美洲,阿什本,247 ms
104.27.80.165,IAD,北美洲,阿什本,247 ms
104.20.33.35,IAD,北美洲,阿什本,247 ms
104.24.239.231,IAD,北美洲,阿什本,247 ms
172.67.115.213,IAD,北美洲,阿什本,247 ms
104.25.4.57,IAD,北美洲,阿什本,247 ms
104.24.75.71,IAD,北美洲,阿什本,247 ms
104.20.43.103,IAD,北美洲,阿什本,247 ms
104.24.6.57,IAD,北美洲,阿什本,247 ms
104.25.174.163,IAD,北美洲,阿什本,247 ms
104.27.94.129,IAD,北美洲,阿什本,247 ms
104.20.157.220,IAD,北美洲,阿什本,247 ms
104.20.222.152,IAD,北美洲,阿什本,248 ms
104.25.80.79,IAD,北美洲,阿什本,248 ms
104.23.111.64,IAD,北美洲,阿什本,248 ms
172.67.53.159,IAD,北美洲,阿什本,248 ms
104.25.194.95,IAD,北美洲,阿什本,248 ms
104.20.114.54,IAD,北美洲,阿什本,248 ms
104.20.75.39,IAD,北美洲,阿什本,248 ms
162.159.42.145,IAD,北美洲,阿什本,248 ms
104.25.73.220,IAD,北美洲,阿什本,248 ms
104.20.39.99,IAD,北美洲,阿什本,248 ms
104.25.209.26,IAD,北美洲,阿什本,248 ms
172.67.57.156,IAD,北美洲,阿什本,248 ms
104.27.123.48,IAD,北美洲,阿什本,248 ms
104.22.36.67,IAD,北美洲,阿什本,248 ms
104.27.78.181,IAD,北美洲,阿什本,248 ms
104.27.102.136,IAD,北美洲,阿什本,248 ms
104.25.28.68,IAD,北美洲,阿什本,248 ms
104.24.167.81,IAD,北美洲,阿什本,248 ms
104.24.196.92,IAD,北美洲,阿什本,248 ms
104.20.195.117,IAD,北美洲,阿什本,248 ms
172.65.164.32,IAD,北美洲,阿什本,248 ms
104.27.63.180,IAD,北美洲,阿什本,248 ms
104.24.67.38,IAD,北美洲,阿什本,248 ms
172.64.97.187,SJC,北美洲,圣何塞,248 ms
104.25.133.222,IAD,北美洲,阿什本,248 ms
104.25.94.170,IAD,北美洲,阿什本,248 ms
104.20.117.129,IAD,北美洲,阿什本,248 ms
104.27.107.116,IAD,北美洲,阿什本,248 ms
104.20.94.79,IAD,北美洲,阿什本,248 ms
104.25.177.56,IAD,北美洲,阿什本,248 ms
104.20.202.10,IAD,北美洲,阿什本,248 ms
104.24.14.87,IAD,北美洲,阿什本,248 ms
104.24.73.111,IAD,北美洲,阿什本,248 ms
104.25.237.218,IAD,北美洲,阿什本,248 ms
104.24.79.206,IAD,北美洲,阿什本,248 ms
104.25.155.74,IAD,北美洲,阿什本,248 ms
104.25.186.158,IAD,北美洲,阿什本,248 ms
104.25.128.126,IAD,北美洲,阿什本,248 ms
104.20.44.172,IAD,北美洲,阿什本,248 ms
104.24.214.2,IAD,北美洲,阿什本,248 ms
104.24.240.156,IAD,北美洲,阿什本,248 ms
104.24.134.7,IAD,北美洲,阿什本,248 ms
104.25.247.98,IAD,北美洲,阿什本,248 ms
104.20.42.237,IAD,北美洲,阿什本,248 ms
104.20.47.81,IAD,北美洲,阿什本,248 ms
104.22.13.101,IAD,北美洲,阿什本,248 ms
104.25.44.128,IAD,北美洲,阿什本,248 ms
104.25.175.237,IAD,北美洲,阿什本,248 ms
104.20.49.210,IAD,北美洲,阿什本,248 ms
104.27.73.18,IAD,北美洲,阿什本,248 ms
104.24.41.238,IAD,北美洲,阿什本,248 ms
104.25.23.225,IAD,北美洲,阿什本,248 ms
104.25.57.76,IAD,北美洲,阿什本,248 ms
104.22.3.166,IAD,北美洲,阿什本,248 ms
104.20.19.26,IAD,北美洲,阿什本,248 ms
104.25.13.136,IAD,北美洲,阿什本,248 ms
104.24.35.226,IAD,北美洲,阿什本,248 ms
172.67.59.129,IAD,北美洲,阿什本,248 ms
104.24.21.253,IAD,北美洲,阿什本,248 ms
104.27.79.57,IAD,北美洲,阿什本,249 ms
104.25.53.69,IAD,北美洲,阿什本,249 ms
104.25.184.103,IAD,北美洲,阿什本,249 ms
104.20.37.216,IAD,北美洲,阿什本,249 ms
104.25.137.46,IAD,北美洲,阿什本,249 ms
104.25.157.249,IAD,北美洲,阿什本,249 ms
104.27.71.243,IAD,北美洲,阿什本,249 ms
104.22.38.192,IAD,北美洲,阿什本,249 ms
104.25.230.95,IAD,北美洲,阿什本,249 ms
104.20.207.78,IAD,北美洲,阿什本,249 ms
104.24.237.25,IAD,北美洲,阿什本,249 ms
104.24.175.123,IAD,北美洲,阿什本,249 ms
104.25.134.133,IAD,北美洲,阿什本,249 ms
104.27.84.195,IAD,北美洲,阿什本,249 ms
104.20.237.96,IAD,北美洲,阿什本,249 ms
104.20.232.166,IAD,北美洲,阿什本,249 ms
104.27.111.44,IAD,北美洲,阿什本,249 ms
104.20.67.180,IAD,北美洲,阿什本,249 ms
172.67.103.80,IAD,北美洲,阿什本,249 ms
172.67.2.188,IAD,北美洲,阿什本,249 ms
172.65.187.10,IAD,北美洲,阿什本,249 ms
104.20.125.57,IAD,北美洲,阿什本,249 ms
104.26.2.130,IAD,北美洲,阿什本,249 ms
104.20.218.133,IAD,北美洲,阿什本,249 ms
104.25.201.61,IAD,北美洲,阿什本,249 ms
172.67.81.54,IAD,北美洲,阿什本,249 ms
104.22.70.70,IAD,北美洲,阿什本,249 ms
104.22.67.247,IAD,北美洲,阿什本,249 ms
104.25.144.246,IAD,北美洲,阿什本,249 ms
104.24.235.225,IAD,北美洲,阿什本,249 ms
104.27.67.29,IAD,北美洲,阿什本,249 ms
104.25.253.246,IAD,北美洲,阿什本,249 ms
104.25.139.233,IAD,北美洲,阿什本,249 ms
104.27.105.199,IAD,北美洲,阿什本,249 ms
104.25.169.39,IAD,北美洲,阿什本,249 ms
104.20.147.13,IAD,北美洲,阿什本,249 ms
104.20.61.162,IAD,北美洲,阿什本,250 ms
104.25.179.245,IAD,北美洲,阿什本,250 ms
104.20.169.68,IAD,北美洲,阿什本,250 ms
104.25.65.198,IAD,北美洲,阿什本,250 ms
172.65.184.156,IAD,北美洲,阿什本,250 ms
104.20.69.202,IAD,北美洲,阿什本,250 ms
104.20.103.135,IAD,北美洲,阿什本,250 ms
104.25.229.156,IAD,北美洲,阿什本,250 ms
172.67.104.212,IAD,北美洲,阿什本,250 ms
104.24.228.217,IAD,北美洲,阿什本,250 ms
104.25.198.135,IAD,北美洲,阿什本,250 ms
104.25.46.188,IAD,北美洲,阿什本,250 ms
104.20.171.13,IAD,北美洲,阿什本,250 ms
104.20.93.106,IAD,北美洲,阿什本,250 ms
104.25.145.143,IAD,北美洲,阿什本,250 ms
104.20.243.33,IAD,北美洲,阿什本,250 ms
104.24.66.206,IAD,北美洲,阿什本,250 ms
104.24.154.241,IAD,北美洲,阿什本,250 ms
104.24.20.146,IAD,北美洲,阿什本,250 ms
104.23.135.10,IAD,北美洲,阿什本,250 ms
104.23.134.79,IAD,北美洲,阿什本,250 ms
104.23.103.209,IAD,北美洲,阿什本,250 ms
104.20.231.137,IAD,北美洲,阿什本,250 ms
104.27.29.157,IAD,北美洲,阿什本,250 ms
172.67.78.136,IAD,北美洲,阿什本,250 ms
104.24.32.54,IAD,北美洲,阿什本,250 ms
172.64.235.110,IAD,北美洲,阿什本,250 ms
104.20.115.116,IAD,北美洲,阿什本,250 ms
104.25.238.6,IAD,北美洲,阿什本,250 ms
104.20.106.153,IAD,北美洲,阿什本,250 ms
104.27.118.132,IAD,北美洲,阿什本,250 ms
104.27.116.41,IAD,北美洲,阿什本,250 ms
104.20.15.179,IAD,北美洲,阿什本,250 ms
104.25.173.71,IAD,北美洲,阿什本,250 ms
104.20.144.20,IAD,北美洲,阿什本,250 ms
104.25.113.206,IAD,北美洲,阿什本,250 ms
104.25.125.221,IAD,北美洲,阿什本,250 ms
104.20.216.33,IAD,北美洲,阿什本,250 ms
104.20.230.197,IAD,北美洲,阿什本,250 ms
104.20.245.7,IAD,北美洲,阿什本,250 ms
104.20.175.124,IAD,北美洲,阿什本,250 ms
104.24.72.61,IAD,北美洲,阿什本,250 ms
104.25.63.72,IAD,北美洲,阿什本,250 ms
104.24.191.251,IAD,北美洲,阿什本,251 ms
104.23.101.162,IAD,北美洲,阿什本,251 ms
104.25.24.7,IAD,北美洲,阿什本,251 ms
172.67.95.0,IAD,北美洲,阿什本,251 ms
104.25.86.175,IAD,北美洲,阿什本,251 ms
104.22.72.129,IAD,北美洲,阿什本,251 ms
104.25.76.23,IAD,北美洲,阿什本,251 ms
104.24.255.236,IAD,北美洲,阿什本,251 ms
104.25.29.148,IAD,北美洲,阿什本,251 ms
172.64.102.180,SJC,北美洲,圣何塞,251 ms
104.24.19.116,IAD,北美洲,阿什本,251 ms
104.25.88.9,IAD,北美洲,阿什本,251 ms
104.20.12.75,IAD,北美洲,阿什本,251 ms
104.20.244.38,IAD,北美洲,阿什本,251 ms
104.20.27.107,IAD,北美洲,阿什本,251 ms
104.24.64.210,IAD,北美洲,阿什本,251 ms
104.24.234.35,IAD,北美洲,阿什本,251 ms
104.20.250.148,IAD,北美洲,阿什本,251 ms
104.27.100.252,IAD,北美洲,阿什本,251 ms
104.25.129.45,IAD,北美洲,阿什本,251 ms
104.25.21.227,IAD,北美洲,阿什本,251 ms
104.24.204.170,IAD,北美洲,阿什本,251 ms
104.20.2.221,IAD,北美洲,阿什本,251 ms
104.20.214.20,IAD,北美洲,阿什本,251 ms
104.23.143.155,IAD,北美洲,阿什本,251 ms
172.67.7.21,IAD,北美洲,阿什本,251 ms
104.20.135.90,IAD,北美洲,阿什本,251 ms
172.67.122.168,IAD,北美洲,阿什本,251 ms
104.24.242.226,IAD,北美洲,阿什本,251 ms
104.25.236.247,IAD,北美洲,阿什本,251 ms
104.20.191.51,IAD,北美洲,阿什本,251 ms
104.22.15.37,IAD,北美洲,阿什本,251 ms
104.20.88.110,IAD,北美洲,阿什本,251 ms
104.27.21.219,IAD,北美洲,阿什本,251 ms
104.27.66.184,IAD,北美洲,阿什本,252 ms
104.22.66.180,IAD,北美洲,阿什本,252 ms
172.67.96.63,IAD,北美洲,阿什本,252 ms
104.25.36.185,IAD,北美洲,阿什本,252 ms
104.20.10.102,IAD,北美洲,阿什本,252 ms
172.67.85.130,IAD,北美洲,阿什本,252 ms
172.67.10.253,IAD,北美洲,阿什本,252 ms
104.27.207.140,IAD,北美洲,阿什本,252 ms
104.25.10.8,IAD,北美洲,阿什本,252 ms
104.22.5.58,IAD,北美洲,阿什本,252 ms
104.20.25.161,IAD,北美洲,阿什本,252 ms
104.25.148.189,IAD,北美洲,阿什本,252 ms
104.24.230.28,IAD,北美洲,阿什本,252 ms
104.20.181.6,IAD,北美洲,阿什本,252 ms
104.27.97.253,IAD,北美洲,阿什本,252 ms
104.23.112.156,IAD,北美洲,阿什本,252 ms
104.24.193.47,IAD,北美洲,阿什本,252 ms
104.27.3.108,IAD,北美洲,阿什本,253 ms
162.159.34.201,IAD,北美洲,阿什本,253 ms
104.27.201.194,IAD,北美洲,阿什本,253 ms
104.27.203.167,IAD,北美洲,阿什本,253 ms
104.25.42.204,IAD,北美洲,阿什本,253 ms
104.20.132.9,IAD,北美洲,阿什本,253 ms
104.20.63.148,IAD,北美洲,阿什本,253 ms
104.22.0.188,IAD,北美洲,阿什本,253 ms
104.20.166.184,IAD,北美洲,阿什本,253 ms
104.20.179.111,IAD,北美洲,阿什本,253 ms
104.27.24.120,IAD,北美洲,阿什本,253 ms
104.27.58.79,IAD,北美洲,阿什本,253 ms
104.27.42.79,IAD,北美洲,阿什本,253 ms
104.24.247.121,IAD,北美洲,阿什本,253 ms
104.27.196.87,IAD,北美洲,阿什本,253 ms
104.25.105.113,IAD,北美洲,阿什本,253 ms
104.20.9.65,IAD,北美洲,阿什本,253 ms
104.25.221.166,IAD,北美洲,阿什本,253 ms
104.25.8.50,IAD,北美洲,阿什本,253 ms
104.20.48.239,IAD,北美洲,阿什本,253 ms
104.24.150.109,IAD,北美洲,阿什本,253 ms
104.25.58.145,IAD,北美洲,阿什本,253 ms
172.67.65.94,IAD,北美洲,阿什本,253 ms
104.20.221.30,IAD,北美洲,阿什本,253 ms
104.24.187.159,IAD,北美洲,阿什本,254 ms
104.25.124.218,IAD,北美洲,阿什本,254 ms
104.24.1.176,IAD,北美洲,阿什本,254 ms
104.20.149.221,IAD,北美洲,阿什本,254 ms
104.27.60.24,IAD,北美洲,阿什本,254 ms
104.24.140.28,IAD,北美洲,阿什本,254 ms
104.23.105.86,IAD,北美洲,阿什本,254 ms
104.24.152.98,IAD,北美洲,阿什本,254 ms
104.25.71.76,IAD,北美洲,阿什本,254 ms
104.20.113.20,IAD,北美洲,阿什本,254 ms
104.20.119.14,IAD,北美洲,阿什本,254 ms
104.20.164.135,IAD,北美洲,阿什本,254 ms
104.25.82.172,IAD,北美洲,阿什本,255 ms
104.20.84.84,IAD,北美洲,阿什本,255 ms
104.24.45.21,IAD,北美洲,阿什本,255 ms
104.22.32.63,IAD,北美洲,阿什本,255 ms
104.22.68.162,IAD,北美洲,阿什本,255 ms
104.27.202.44,IAD,北美洲,阿什本,255 ms
104.27.91.37,IAD,北美洲,阿什本,255 ms
104.17.32.4,SJC,北美洲,圣何塞,255 ms
104.24.147.41,IAD,北美洲,阿什本,255 ms
104.27.62.11,IAD,北美洲,阿什本,255 ms
104.24.87.226,IAD,北美洲,阿什本,255 ms
104.27.101.38,IAD,北美洲,阿什本,255 ms
104.27.46.157,IAD,北美洲,阿什本,256 ms
104.22.41.225,IAD,北美洲,阿什本,256 ms
104.25.81.76,IAD,北美洲,阿什本,256 ms
104.27.38.9,IAD,北美洲,阿什本,256 ms
104.20.208.152,IAD,北美洲,阿什本,256 ms
104.24.48.161,IAD,北美洲,阿什本,256 ms
104.25.162.159,IAD,北美洲,阿什本,256 ms
172.67.111.91,IAD,北美洲,阿什本,256 ms
104.24.153.220,IAD,北美洲,阿什本,256 ms
104.27.41.156,IAD,北美洲,阿什本,256 ms
104.22.65.189,IAD,北美洲,阿什本,256 ms
104.25.115.68,IAD,北美洲,阿什本,256 ms
104.23.124.104,IAD,北美洲,阿什本,256 ms
104.27.119.245,IAD,北美洲,阿什本,256 ms
104.25.233.147,IAD,北美洲,阿什本,256 ms
104.27.4.43,IAD,北美洲,阿什本,256 ms
104.24.173.24,IAD,北美洲,阿什本,256 ms
104.24.31.72,IAD,北美洲,阿什本,256 ms
104.20.28.56,IAD,北美洲,阿什本,256 ms
104.24.44.156,IAD,北美洲,阿什本,256 ms
104.25.142.13,IAD,北美洲,阿什本,256 ms
104.24.11.139,IAD,北美洲,阿什本,256 ms
104.20.136.227,IAD,北美洲,阿什本,257 ms
104.22.74.120,IAD,北美洲,阿什本,257 ms
104.24.83.13,IAD,北美洲,阿什本,257 ms
104.23.122.186,IAD,北美洲,阿什本,257 ms
104.25.99.186,IAD,北美洲,阿什本,257 ms
104.25.41.201,IAD,北美洲,阿什本,257 ms
104.20.193.18,IAD,北美洲,阿什本,257 ms
104.26.7.53,IAD,北美洲,阿什本,257 ms
104.24.249.46,IAD,北美洲,阿什本,257 ms
172.67.58.232,IAD,北美洲,阿什本,257 ms
104.24.92.6,IAD,北美洲,阿什本,257 ms
104.22.46.117,IAD,北美洲,阿什本,257 ms
104.25.158.164,IAD,北美洲,阿什本,257 ms
104.20.140.44,IAD,北美洲,阿什本,257 ms
104.25.172.194,IAD,北美洲,阿什本,257 ms
104.24.15.203,IAD,北美洲,阿什本,257 ms
104.25.164.236,IAD,北美洲,阿什本,257 ms
104.25.153.235,IAD,北美洲,阿什本,257 ms
104.24.232.238,IAD,北美洲,阿什本,257 ms
104.24.200.237,IAD,北美洲,阿什本,258 ms
104.20.139.47,IAD,北美洲,阿什本,258 ms
104.27.198.170,IAD,北美洲,阿什本,258 ms
104.20.145.145,IAD,北美洲,阿什本,258 ms
104.20.87.73,IAD,北美洲,阿什本,258 ms
104.23.128.127,IAD,北美洲,阿什本,258 ms
104.27.2.105,IAD,北美洲,阿什本,258 ms
104.24.77.244,IAD,北美洲,阿什本,258 ms
104.24.95.230,IAD,北美洲,阿什本,258 ms
104.24.12.208,IAD,北美洲,阿什本,258 ms
104.25.74.77,IAD,北美洲,阿什本,258 ms
172.67.72.57,IAD,北美洲,阿什本,258 ms
104.23.130.44,IAD,北美洲,阿什本,258 ms
104.25.27.115,IAD,北美洲,阿什本,258 ms
104.23.138.243,IAD,北美洲,阿什本,259 ms
172.67.56.255,IAD,北美洲,阿什本,259 ms
172.67.91.134,IAD,北美洲,阿什本,259 ms
104.25.146.193,IAD,北美洲,阿什本,259 ms
104.25.205.86,IAD,北美洲,阿什本,259 ms
104.20.217.52,IAD,北美洲,阿什本,259 ms
172.67.9.147,IAD,北美洲,阿什本,259 ms
104.24.25.44,IAD,北美洲,阿什本,259 ms
104.23.119.223,IAD,北美洲,阿什本,259 ms
172.67.64.235,IAD,北美洲,阿什本,259 ms
104.24.212.76,IAD,北美洲,阿什本,259 ms
104.23.117.70,IAD,北美洲,阿什本,259 ms
104.24.238.7,IAD,北美洲,阿什本,259 ms
104.25.1.178,IAD,北美洲,阿什本,259 ms
104.20.201.201,IAD,北美洲,阿什本,259 ms
104.25.197.63,IAD,北美洲,阿什本,259 ms
104.25.135.104,IAD,北美洲,阿什本,260 ms
104.27.103.225,IAD,北美洲,阿什本,260 ms
104.24.225.47,IAD,北美洲,阿什本,260 ms
104.20.142.195,IAD,北美洲,阿什本,260 ms
104.20.102.171,IAD,北美洲,阿什本,260 ms
104.24.248.110,IAD,北美洲,阿什本,260 ms
104.16.147.28,SJC,北美洲,圣何塞,260 ms
104.22.34.85,IAD,北美洲,阿什本,260 ms
104.20.246.96,IAD,北美洲,阿什本,260 ms
104.24.172.40,IAD,北美洲,阿什本,260 ms
104.25.78.30,IAD,北美洲,阿什本,260 ms
104.22.12.240,IAD,北美洲,阿什本,261 ms
104.20.123.211,IAD,北美洲,阿什本,261 ms
104.24.155.97,IAD,北美洲,阿什本,261 ms
104.24.61.224,IAD,北美洲,阿什本,261 ms
104.23.104.51,IAD,北美洲,阿什本,261 ms
172.67.90.250,IAD,北美洲,阿什本,261 ms
104.25.239.27,IAD,北美洲,阿什本,261 ms
104.27.124.51,IAD,北美洲,阿什本,261 ms
104.25.228.174,IAD,北美洲,阿什本,261 ms
172.67.68.75,IAD,北美洲,阿什本,261 ms
104.25.132.215,IAD,北美洲,阿什本,262 ms
172.67.121.215,IAD,北美洲,阿什本,262 ms
104.27.34.137,IAD,北美洲,阿什本,262 ms
104.20.80.152,IAD,北美洲,阿什本,262 ms
104.27.199.98,IAD,北美洲,阿什本,262 ms
104.24.174.233,IAD,北美洲,阿什本,262 ms
104.27.197.100,IAD,北美洲,阿什本,262 ms
104.20.26.147,IAD,北美洲,阿什本,262 ms
104.25.75.45,IAD,北美洲,阿什本,262 ms
104.26.13.126,IAD,北美洲,阿什本,262 ms
104.25.206.147,IAD,北美洲,阿什本,263 ms
104.25.166.143,IAD,北美洲,阿什本,263 ms
104.24.170.241,IAD,北美洲,阿什本,263 ms
104.22.43.222,IAD,北美洲,阿什本,263 ms
104.24.243.96,IAD,北美洲,阿什本,263 ms
172.67.15.58,IAD,北美洲,阿什本,263 ms
104.24.71.168,IAD,北美洲,阿什本,263 ms
104.20.22.174,IAD,北美洲,阿什本,263 ms
104.20.205.222,IAD,北美洲,阿什本,263 ms
104.20.176.86,IAD,北美洲,阿什本,263 ms
104.25.83.227,IAD,北美洲,阿什本,263 ms
104.25.72.195,IAD,北美洲,阿什本,264 ms
104.25.92.52,IAD,北美洲,阿什本,264 ms
104.20.20.181,IAD,北美洲,阿什本,264 ms
104.24.233.164,IAD,北美洲,阿什本,264 ms
104.20.233.47,IAD,北美洲,阿什本,265 ms
104.25.243.17,IAD,北美洲,阿什本,265 ms
104.22.10.245,IAD,北美洲,阿什本,265 ms
172.67.119.225,IAD,北美洲,阿什本,265 ms
104.25.59.229,IAD,北美洲,阿什本,265 ms
104.27.6.251,IAD,北美洲,阿什本,266 ms
104.20.65.224,IAD,北美洲,阿什本,266 ms
104.25.69.73,IAD,北美洲,阿什本,266 ms
104.25.40.17,IAD,北美洲,阿什本,266 ms
104.24.202.79,IAD,北美洲,阿什本,266 ms
104.24.62.78,IAD,北美洲,阿什本,266 ms
104.25.225.24,IAD,北美洲,阿什本,266 ms
104.20.156.230,IAD,北美洲,阿什本,267 ms
172.64.109.201,SJC,北美洲,圣何塞,267 ms
104.25.17.10,IAD,北美洲,阿什本,267 ms
92.53.189.92,SJC,北美洲,圣何塞,267 ms
104.25.14.148,IAD,北美洲,阿什本,268 ms
104.20.159.210,IAD,北美洲,阿什本,268 ms
104.20.138.141,IAD,北美洲,阿什本,268 ms
104.23.102.126,IAD,北美洲,阿什本,268 ms
104.25.39.85,IAD,北美洲,阿什本,268 ms
104.25.34.196,IAD,北美洲,阿什本,268 ms
104.24.222.193,IAD,北美洲,阿什本,269 ms
104.27.45.76,IAD,北美洲,阿什本,269 ms
104.25.156.166,IAD,北美洲,阿什本,269 ms
104.20.74.231,IAD,北美洲,阿什本,269 ms
104.25.170.247,IAD,北美洲,阿什本,269 ms
104.27.10.185,IAD,北美洲,阿什本,270 ms
104.27.85.208,IAD,北美洲,阿什本,275 ms
104.19.159.217,SJC,北美洲,圣何塞,284 ms
104.17.34.232,SJC,北美洲,圣何塞,284 ms
172.64.96.163,SJC,北美洲,圣何塞,288 ms
104.18.135.220,SJC,北美洲,圣何塞,288 ms
104.18.130.61,SJC,北美洲,圣何塞,289 ms
172.64.104.119,SJC,北美洲,圣何塞,294 ms
104.19.169.200,SJC,北美洲,圣何塞,298 ms
104.17.44.163,SJC,北美洲,圣何塞,300 ms
104.17.126.2,SJC,北美洲,圣何塞,306 ms
104.19.217.62,SJC,北美洲,圣何塞,308 ms
104.19.194.112,SJC,北美洲,圣何塞,310 ms
104.17.114.128,SJC,北美洲,圣何塞,313 ms
198.41.208.227,SJC,北美洲,圣何塞,320 ms
104.16.194.171,SJC,北美洲,圣何塞,321 ms
104.16.162.194,SJC,北美洲,圣何塞,329 ms
154.197.64.212,SJC,北美洲,圣何塞,330 ms
104.17.21.219,SJC,北美洲,圣何塞,331 ms
104.18.145.176,SJC,北美洲,圣何塞,335 ms
104.16.10.26,SJC,北美洲,圣何塞,339 ms
104.16.170.247,SJC,北美洲,圣何塞,341 ms
104.18.139.12,SJC,北美洲,圣何塞,343 ms
104.129.166.8,SJC,北美洲,圣何塞,345 ms
188.42.89.246,SJC,北美洲,圣何塞,346 ms
104.18.193.13,SJC,北美洲,圣何塞,347 ms
104.16.180.112,SJC,北美洲,圣何塞,347 ms
104.18.224.69,SJC,北美洲,圣何塞,352 ms
104.17.127.47,SJC,北美洲,圣何塞,352 ms
104.19.146.80,SJC,北美洲,圣何塞,355 ms
5.10.245.89,SJC,北美洲,圣何塞,357 ms
104.18.162.4,SJC,北美洲,圣何塞,357 ms
104.16.206.1,SJC,北美洲,圣何塞,358 ms
104.16.137.186,SJC,北美洲,圣何塞,359 ms
104.16.171.57,SJC,北美洲,圣何塞,366 ms
104.16.154.242,SJC,北美洲,圣何塞,367 ms
104.19.145.237,SJC,北美洲,圣何塞,367 ms
104.19.218.254,SJC,北美洲,圣何塞,370 ms
94.242.230.249,SJC,北美洲,圣何塞,372 ms
104.19.150.23,SJC,北美洲,圣何塞,373 ms
104.18.173.19,SJC,北美洲,圣何塞,379 ms
104.16.158.223,SJC,北美洲,圣何塞,380 ms
104.19.179.179,SJC,北美洲,圣何塞,381 ms
104.16.207.125,SJC,北美洲,圣何塞,383 ms
104.19.229.26,SJC,北美洲,圣何塞,383 ms
104.16.203.92,SJC,北美洲,圣何塞,389 ms
104.19.232.170,SJC,北美洲,圣何塞,389 ms
104.16.201.134,SJC,北美洲,圣何塞,393 ms
89.116.180.228,SJC,北美洲,圣何塞,395 ms
104.16.24.151,SJC,北美洲,圣何塞,400 ms
104.16.104.112,SJC,北美洲,圣何塞,401 ms
104.19.236.54,SJC,北美洲,圣何塞,403 ms
104.19.223.56,SJC,北美洲,圣何塞,404 ms
104.16.5.114,SJC,北美洲,圣何塞,404 ms
172.64.151.182,SJC,北美洲,圣何塞,405 ms
104.19.237.75,SJC,北美洲,圣何塞,405 ms
104.18.107.89,SJC,北美洲,圣何塞,406 ms
108.162.198.86,SJC,北美洲,圣何塞,406 ms
172.64.231.16,SJC,北美洲,圣何塞,406 ms
104.19.184.19,SJC,北美洲,圣何塞,410 ms
104.16.234.219,SJC,北美洲,圣何塞,413 ms
104.16.238.20,SJC,北美洲,圣何塞,413 ms
172.64.156.34,SJC,北美洲,圣何塞,415 ms
104.16.182.245,SJC,北美洲,圣何塞,418 ms
172.64.94.204,SJC,北美洲,圣何塞,419 ms
104.17.153.240,SJC,北美洲,圣何塞,421 ms
104.17.151.227,SJC,北美洲,圣何塞,426 ms
104.18.191.198,SJC,北美洲,圣何塞,429 ms
104.17.82.186,SJC,北美洲,圣何塞,431 ms
104.17.231.228,SJC,北美洲,圣何塞,432 ms
104.17.144.62,SJC,北美洲,圣何塞,433 ms
104.16.151.86,SJC,北美洲,圣何塞,434 ms
104.17.208.242,SJC,北美洲,圣何塞,436 ms
162.159.14.220,SJC,北美洲,圣何塞,437 ms
104.17.206.39,SJC,北美洲,圣何塞,438 ms
104.17.81.167,SJC,北美洲,圣何塞,440 ms
104.17.173.42,SJC,北美洲,圣何塞,442 ms
104.17.172.142,SJC,北美洲,圣何塞,442 ms
104.17.92.231,SJC,北美洲,圣何塞,443 ms
104.16.181.123,SJC,北美洲,圣何塞,444 ms
140.99.233.163,SJC,北美洲,圣何塞,448 ms
104.17.42.96,SJC,北美洲,圣何塞,449 ms
104.17.163.36,SJC,北美洲,圣何塞,452 ms
176.124.223.53,SJC,北美洲,圣何塞,454 ms
104.19.167.238,SJC,北美洲,圣何塞,454 ms
104.18.153.209,SJC,北美洲,圣何塞,455 ms
104.17.211.133,SJC,北美洲,圣何塞,457 ms
104.16.146.29,SJC,北美洲,圣何塞,457 ms
104.19.197.75,SJC,北美洲,圣何塞,460 ms
104.19.209.133,SJC,北美洲,圣何塞,461 ms
146.19.21.58,SJC,北美洲,圣何塞,461 ms
104.19.162.49,SJC,北美洲,圣何塞,462 ms
194.53.53.37,SJC,北美洲,圣何塞,463 ms
104.18.218.64,SJC,北美洲,圣何塞,466 ms
195.245.221.177,SJC,北美洲,圣何塞,467 ms
172.64.53.74,SJC,北美洲,圣何塞,468 ms
104.19.178.143,SJC,北美洲,圣何塞,469 ms
104.18.73.245,SJC,北美洲,圣何塞,469 ms
104.17.247.195,SJC,北美洲,圣何塞,470 ms
104.19.214.6,SJC,北美洲,圣何塞,471 ms
104.17.232.27,SJC,北美洲,圣何塞,472 ms
104.17.159.243,SJC,北美洲,圣何塞,473 ms
104.18.221.67,SJC,北美洲,圣何塞,475 ms
104.18.183.114,SJC,北美洲,圣何塞,477 ms
104.17.10.146,SJC,北美洲,圣何塞,478 ms
185.148.105.26,SJC,北美洲,圣何塞,478 ms
104.18.186.46,SJC,北美洲,圣何塞,481 ms
104.18.3.153,SJC,北美洲,圣何塞,481 ms
89.116.46.134,SJC,北美洲,圣何塞,482 ms
154.197.80.43,SJC,北美洲,圣何塞,482 ms
5.10.247.238,SJC,北美洲,圣何塞,483 ms
104.18.78.212,SJC,北美洲,圣何塞,485 ms
104.16.66.222,SJC,北美洲,圣何塞,485 ms
172.66.0.253,SJC,北美洲,圣何塞,486 ms
104.18.178.106,SJC,北美洲,圣何塞,487 ms
104.17.176.156,SJC,北美洲,圣何塞,487 ms
104.18.233.41,SJC,北美洲,圣何塞,487 ms
104.17.157.107,SJC,北美洲,圣何塞,488 ms
154.219.5.58,SJC,北美洲,圣何塞,488 ms
104.18.255.48,SJC,北美洲,圣何塞,490 ms
104.16.140.83,SJC,北美洲,圣何塞,492 ms
104.17.244.52,SJC,北美洲,圣何塞,492 ms
104.19.205.2,SJC,北美洲,圣何塞,493 ms
104.18.45.137,SJC,北美洲,圣何塞,494 ms
104.18.108.63,SJC,北美洲,圣何塞,494 ms
104.18.79.184,SJC,北美洲,圣何塞,494 ms
104.17.156.70,SJC,北美洲,圣何塞,494 ms
104.18.9.245,SJC,北美洲,圣何塞,494 ms
104.18.101.2,SJC,北美洲,圣何塞,496 ms
104.17.252.0,SJC,北美洲,圣何塞,496 ms
104.16.169.116,SJC,北美洲,圣何塞,497 ms
104.19.190.38,SJC,北美洲,圣何塞,498 ms
104.18.252.174,SJC,北美洲,圣何塞,499 ms
104.16.110.248,SJC,北美洲,圣何塞,499 ms
104.16.191.81,SJC,北美洲,圣何塞,501 ms
104.129.165.155,SJC,北美洲,圣何塞,504 ms
104.16.26.154,SJC,北美洲,圣何塞,504 ms
160.153.0.48,SJC,北美洲,圣何塞,506 ms
198.41.219.6,SJC,北美洲,圣何塞,509 ms
104.17.31.253,SJC,北美洲,圣何塞,510 ms
104.17.58.19,SJC,北美洲,圣何塞,511 ms
104.17.51.38,SJC,北美洲,圣何塞,512 ms
172.64.41.232,SJC,北美洲,圣何塞,512 ms
104.16.72.111,SJC,北美洲,圣何塞,512 ms
198.41.217.246,SJC,北美洲,圣何塞,513 ms
104.18.202.185,SJC,北美洲,圣何塞,514 ms
104.19.188.153,SJC,北美洲,圣何塞,515 ms
172.66.43.250,SJC,北美洲,圣何塞,515 ms
104.18.81.124,SJC,北美洲,圣何塞,516 ms
104.19.176.192,SJC,北美洲,圣何塞,518 ms
104.18.80.255,SJC,北美洲,圣何塞,521 ms
203.22.241.184,SJC,北美洲,圣何塞,521 ms
104.18.100.229,SJC,北美洲,圣何塞,522 ms
162.159.20.25,SJC,北美洲,圣何塞,524 ms
104.17.205.114,SJC,北美洲,圣何塞,524 ms
104.18.0.202,SJC,北美洲,圣何塞,524 ms
104.18.194.162,SJC,北美洲,圣何塞,525 ms
104.17.254.14,SJC,北美洲,圣何塞,526 ms
104.18.238.162,SJC,北美洲,圣何塞,527 ms
104.16.161.35,SJC,北美洲,圣何塞,527 ms
104.18.169.119,SJC,北美洲,圣何塞,528 ms
172.64.87.202,SJC,北美洲,圣何塞,529 ms
104.18.4.209,SJC,北美洲,圣何塞,530 ms
104.18.103.241,SJC,北美洲,圣何塞,530 ms
104.17.230.153,SJC,北美洲,圣何塞,531 ms
104.19.225.5,SJC,北美洲,圣何塞,531 ms
190.93.247.226,SJC,北美洲,圣何塞,532 ms
104.17.243.255,SJC,北美洲,圣何塞,534 ms
104.16.9.243,SJC,北美洲,圣何塞,534 ms
190.93.246.118,SJC,北美洲,圣何塞,535 ms
104.19.210.102,SJC,北美洲,圣何塞,536 ms
104.18.235.143,SJC,北美洲,圣何塞,537 ms
172.64.86.98,SJC,北美洲,圣何塞,539 ms
104.19.199.121,SJC,北美洲,圣何塞,543 ms
104.18.215.11,SJC,北美洲,圣何塞,544 ms
104.19.211.26,SJC,北美洲,圣何塞,544 ms
172.66.45.137,SJC,北美洲,圣何塞,546 ms
172.66.42.206,SJC,北美洲,圣何塞,548 ms
104.16.108.211,SJC,北美洲,圣何塞,550 ms
104.17.186.106,SJC,北美洲,圣何塞,551 ms
172.66.47.244,SJC,北美洲,圣何塞,551 ms
104.17.158.9,SJC,北美洲,圣何塞,551 ms
104.16.226.36,SJC,北美洲,圣何塞,551 ms
45.131.4.40,SJC,北美洲,圣何塞,551 ms
104.18.243.232,SJC,北美洲,圣何塞,552 ms
104.17.218.60,SJC,北美洲,圣何塞,552 ms
104.17.109.23,SJC,北美洲,圣何塞,553 ms
104.16.3.169,SJC,北美洲,圣何塞,553 ms
104.16.22.5,SJC,北美洲,圣何塞,553 ms
188.164.248.54,SJC,北美洲,圣何塞,554 ms
185.135.44.20,SJC,北美洲,圣何塞,555 ms
104.18.92.182,SJC,北美洲,圣何塞,555 ms
64.69.24.6,SJC,北美洲,圣何塞,555 ms
172.66.44.171,SJC,北美洲,圣何塞,556 ms
104.18.213.37,SJC,北美洲,圣何塞,556 ms
104.17.85.36,SJC,北美洲,圣何塞,556 ms
104.17.241.23,SJC,北美洲,圣何塞,556 ms
45.131.211.3,SJC,北美洲,圣何塞,557 ms
104.18.179.27,SJC,北美洲,圣何塞,557 ms
199.60.103.236,SJC,北美洲,圣何塞,558 ms
104.16.139.200,SJC,北美洲,圣何塞,558 ms
104.18.160.31,SJC,北美洲,圣何塞,559 ms
104.17.105.33,SJC,北美洲,圣何塞,560 ms
104.18.156.156,SJC,北美洲,圣何塞,560 ms
104.17.168.172,SJC,北美洲,圣何塞,561 ms
104.17.108.43,SJC,北美洲,圣何塞,561 ms
104.16.165.85,SJC,北美洲,圣何塞,561 ms
104.16.109.239,SJC,北美洲,圣何塞,561 ms
104.19.195.239,SJC,北美洲,圣何塞,562 ms
104.18.225.71,SJC,北美洲,圣何塞,562 ms
104.19.160.181,SJC,北美洲,圣何塞,562 ms
104.17.100.133,SJC,北美洲,圣何塞,563 ms
185.221.160.151,SJC,北美洲,圣何塞,563 ms
104.16.2.12,SJC,北美洲,圣何塞,565 ms
104.18.147.245,SJC,北美洲,圣何塞,565 ms
104.16.76.233,SJC,北美洲,圣何塞,565 ms
104.19.186.64,SJC,北美洲,圣何塞,567 ms
104.19.200.148,SJC,北美洲,圣何塞,569 ms
104.17.29.170,SJC,北美洲,圣何塞,570 ms
162.159.21.53,SJC,北美洲,圣何塞,570 ms
185.251.83.178,SJC,北美洲,圣何塞,571 ms
104.17.248.31,SJC,北美洲,圣何塞,572 ms
104.17.110.66,SJC,北美洲,圣何塞,572 ms
104.16.102.181,SJC,北美洲,圣何塞,572 ms
104.16.71.220,SJC,北美洲,圣何塞,574 ms
185.109.21.183,SJC,北美洲,圣何塞,575 ms
104.16.197.42,SJC,北美洲,圣何塞,575 ms
104.17.198.194,SJC,北美洲,圣何塞,576 ms
104.17.20.245,SJC,北美洲,圣何塞,577 ms
104.17.203.154,SJC,北美洲,圣何塞,578 ms
104.17.2.100,SJC,北美洲,圣何塞,578 ms
162.159.61.219,SJC,北美洲,圣何塞,579 ms
185.251.82.72,SJC,北美洲,圣何塞,579 ms
104.17.178.249,SJC,北美洲,圣何塞,579 ms
162.159.129.132,SJC,北美洲,圣何塞,579 ms
104.18.230.0,SJC,北美洲,圣何塞,580 ms
104.19.163.186,SJC,北美洲,圣何塞,580 ms
104.18.187.194,SJC,北美洲,圣何塞,581 ms
172.64.68.15,SJC,北美洲,圣何塞,583 ms
164.38.155.168,SJC,北美洲,圣何塞,583 ms
104.18.182.107,SJC,北美洲,圣何塞,583 ms
162.159.130.101,SJC,北美洲,圣何塞,584 ms
104.16.229.224,SJC,北美洲,圣何塞,584 ms
162.159.32.59,SJC,北美洲,圣何塞,584 ms
104.16.174.227,SJC,北美洲,圣何塞,584 ms
162.159.1.159,SJC,北美洲,圣何塞,585 ms
45.94.169.61,SJC,北美洲,圣何塞,585 ms
104.17.4.45,SJC,北美洲,圣何塞,585 ms
162.159.152.142,SJC,北美洲,圣何塞,585 ms
104.17.150.115,SJC,北美洲,圣何塞,585 ms
104.17.8.87,SJC,北美洲,圣何塞,585 ms
172.64.144.47,SJC,北美洲,圣何塞,586 ms
14.102.228.4,SJC,北美洲,圣何塞,586 ms
104.16.56.103,SJC,北美洲,圣何塞,587 ms
193.227.99.102,SJC,北美洲,圣何塞,587 ms
104.17.207.252,SJC,北美洲,圣何塞,587 ms
104.19.224.2,SJC,北美洲,圣何塞,587 ms
104.16.30.221,SJC,北美洲,圣何塞,588 ms
104.16.105.148,SJC,北美洲,圣何塞,588 ms
104.17.47.54,SJC,北美洲,圣何塞,588 ms
104.19.161.7,SJC,北美洲,圣何塞,589 ms
104.18.149.140,SJC,北美洲,圣何塞,589 ms
45.80.111.62,SJC,北美洲,圣何塞,589 ms
104.16.98.113,SJC,北美洲,圣何塞,590 ms
104.17.98.25,SJC,北美洲,圣何塞,590 ms
162.159.5.142,SJC,北美洲,圣何塞,590 ms
45.131.208.55,SJC,北美洲,圣何塞,591 ms
104.16.145.14,SJC,北美洲,圣何塞,591 ms
104.18.176.5,SJC,北美洲,圣何塞,592 ms
104.16.31.44,SJC,北美洲,圣何塞,593 ms
162.159.134.77,SJC,北美洲,圣何塞,593 ms
104.17.118.181,SJC,北美洲,圣何塞,593 ms
104.16.188.242,SJC,北美洲,圣何塞,593 ms
172.64.149.100,SJC,北美洲,圣何塞,594 ms
159.246.55.138,SJC,北美洲,圣何塞,597 ms
104.19.158.125,SJC,北美洲,圣何塞,598 ms
104.18.10.71,SJC,北美洲,圣何塞,598 ms
104.19.207.40,SJC,北美洲,圣何塞,598 ms
104.16.29.193,SJC,北美洲,圣何塞,599 ms
104.17.9.62,SJC,北美洲,圣何塞,600 ms
104.17.124.142,SJC,北美洲,圣何塞,600 ms
159.112.235.39,SJC,北美洲,圣何塞,603 ms
104.18.159.24,SJC,北美洲,圣何塞,604 ms
104.16.83.7,SJC,北美洲,圣何塞,605 ms
104.17.202.94,SJC,北美洲,圣何塞,605 ms
104.16.224.54,SJC,北美洲,圣何塞,606 ms
104.16.187.84,SJC,北美洲,圣何塞,606 ms
104.16.228.59,SJC,北美洲,圣何塞,606 ms
104.16.52.153,SJC,北美洲,圣何塞,606 ms
104.17.175.196,SJC,北美洲,圣何塞,607 ms
104.18.104.26,SJC,北美洲,圣何塞,608 ms
5.182.85.120,SJC,北美洲,圣何塞,608 ms
188.244.122.105,SJC,北美洲,圣何塞,609 ms
104.16.233.218,SJC,北美洲,圣何塞,609 ms
104.16.21.146,SJC,北美洲,圣何塞,610 ms
104.18.239.152,SJC,北美洲,圣何塞,610 ms
104.17.209.28,SJC,北美洲,圣何塞,611 ms
104.16.225.7,SJC,北美洲,圣何塞,611 ms
104.18.37.193,SJC,北美洲,圣何塞,612 ms
104.18.152.36,SJC,北美洲,圣何塞,612 ms
141.101.115.209,SJC,北美洲,圣何塞,613 ms
104.31.16.194,SJC,北美洲,圣何塞,613 ms
104.16.142.148,SJC,北美洲,圣何塞,613 ms
104.18.89.233,SJC,北美洲,圣何塞,614 ms
104.18.184.78,SJC,北美洲,圣何塞,615 ms
104.17.225.60,SJC,北美洲,圣何塞,617 ms
104.18.47.208,SJC,北美洲,圣何塞,617 ms
104.16.249.89,SJC,北美洲,圣何塞,618 ms
104.17.240.39,SJC,北美洲,圣何塞,619 ms
104.16.70.78,SJC,北美洲,圣何塞,620 ms
104.18.15.54,SJC,北美洲,圣何塞,622 ms
104.16.78.205,SJC,北美洲,圣何塞,623 ms
104.17.236.226,SJC,北美洲,圣何塞,625 ms
104.17.220.147,SJC,北美洲,圣何塞,625 ms
104.17.15.255,SJC,北美洲,圣何塞,626 ms
104.18.13.13,SJC,北美洲,圣何塞,626 ms
104.18.251.32,SJC,北美洲,圣何塞,627 ms
104.16.186.8,SJC,北美洲,圣何塞,628 ms
104.17.18.48,SJC,北美洲,圣何塞,630 ms
104.17.250.26,SJC,北美洲,圣何塞,630 ms
104.18.99.103,SJC,北美洲,圣何塞,631 ms
104.16.128.86,SJC,北美洲,圣何塞,633 ms
104.17.201.163,SJC,北美洲,圣何塞,633 ms
198.202.211.67,SJC,北美洲,圣何塞,636 ms
104.17.253.115,SJC,北美洲,圣何塞,636 ms
104.18.94.128,SJC,北美洲,圣何塞,636 ms
66.235.200.165,SJC,北美洲,圣何塞,637 ms
104.16.13.118,SJC,北美洲,圣何塞,638 ms
104.17.145.184,SJC,北美洲,圣何塞,639 ms
104.16.11.133,SJC,北美洲,圣何塞,640 ms
104.17.116.119,SJC,北美洲,圣何塞,640 ms
104.16.4.173,SJC,北美洲,圣何塞,641 ms
104.18.95.104,SJC,北美洲,圣何塞,642 ms
104.18.189.76,SJC,北美洲,圣何塞,642 ms
104.16.236.197,SJC,北美洲,圣何塞,642 ms
104.16.243.240,SJC,北美洲,圣何塞,643 ms
104.17.233.59,SJC,北美洲,圣何塞,643 ms
104.16.16.204,SJC,北美洲,圣何塞,643 ms
66.81.247.5,SJC,北美洲,圣何塞,643 ms
172.64.85.4,SJC,北美洲,圣何塞,645 ms
104.17.213.71,SJC,北美洲,圣何塞,645 ms
104.16.55.82,SJC,北美洲,圣何塞,646 ms
104.18.98.81,SJC,北美洲,圣何塞,646 ms
198.41.197.12,SJC,北美洲,圣何塞,647 ms
104.18.88.38,SJC,北美洲,圣何塞,647 ms
198.217.251.143,SJC,北美洲,圣何塞,647 ms
104.17.39.9,SJC,北美洲,圣何塞,647 ms
104.18.68.232,SJC,北美洲,圣何塞,647 ms
104.18.226.222,SJC,北美洲,圣何塞,648 ms
104.18.97.130,SJC,北美洲,圣何塞,649 ms
162.251.82.1,SJC,北美洲,圣何塞,650 ms
104.18.91.65,SJC,北美洲,圣何塞,650 ms
104.17.25.154,SJC,北美洲,圣何塞,651 ms
104.17.112.38,SJC,北美洲,圣何塞,651 ms
104.16.235.227,SJC,北美洲,圣何塞,653 ms
45.80.110.69,SJC,北美洲,圣何塞,654 ms
69.48.218.127,SJC,北美洲,圣何塞,654 ms
45.133.247.60,SJC,北美洲,圣何塞,655 ms
195.85.59.185,SJC,北美洲,圣何塞,655 ms
154.85.99.243,SJC,北美洲,圣何塞,655 ms
104.17.195.219,SJC,北美洲,圣何塞,656 ms
104.18.67.121,SJC,北美洲,圣何塞,656 ms
104.19.181.192,SJC,北美洲,圣何塞,656 ms
104.18.199.76,SJC,北美洲,圣何塞,657 ms
185.148.104.180,SJC,北美洲,圣何塞,658 ms
104.16.250.13,SJC,北美洲,圣何塞,659 ms
104.18.154.55,SJC,北美洲,圣何塞,659 ms
104.17.86.60,SJC,北美洲,圣何塞,659 ms
104.17.171.88,SJC,北美洲,圣何塞,660 ms
104.16.251.12,SJC,北美洲,圣何塞,660 ms
104.17.117.171,SJC,北美洲,圣何塞,660 ms
104.17.179.247,SJC,北美洲,圣何塞,661 ms
104.17.12.211,SJC,北美洲,圣何塞,661 ms
154.194.12.128,SJC,北美洲,圣何塞,662 ms
104.17.22.169,SJC,北美洲,圣何塞,662 ms
104.18.227.90,SJC,北美洲,圣何塞,663 ms
104.18.244.47,SJC,北美洲,圣何塞,664 ms
45.142.120.168,SJC,北美洲,圣何塞,665 ms
209.46.30.128,SJC,北美洲,圣何塞,666 ms
104.18.75.75,SJC,北美洲,圣何塞,667 ms
104.17.55.235,SJC,北美洲,圣何塞,668 ms
104.16.254.41,SJC,北美洲,圣何塞,668 ms
104.16.65.194,SJC,北美洲,圣何塞,669 ms
104.18.222.82,SJC,北美洲,圣何塞,670 ms
104.17.33.104,SJC,北美洲,圣何塞,670 ms
104.18.93.127,SJC,北美洲,圣何塞,671 ms
162.159.2.140,SJC,北美洲,圣何塞,671 ms
104.16.97.64,SJC,北美洲,圣何塞,671 ms
104.18.84.62,SJC,北美洲,圣何塞,672 ms
104.17.14.73,SJC,北美洲,圣何塞,672 ms
172.64.95.18,SJC,北美洲,圣何塞,672 ms
104.17.93.163,SJC,北美洲,圣何塞,672 ms
162.159.142.121,SJC,北美洲,圣何塞,673 ms
104.16.15.161,SJC,北美洲,圣何塞,673 ms
104.17.182.220,SJC,北美洲,圣何塞,673 ms
45.149.12.208,SJC,北美洲,圣何塞,674 ms
104.17.99.56,SJC,北美洲,圣何塞,674 ms
104.17.106.120,SJC,北美洲,圣何塞,677 ms
104.17.38.219,SJC,北美洲,圣何塞,678 ms
104.17.210.98,SJC,北美洲,圣何塞,679 ms
104.16.143.44,SJC,北美洲,圣何塞,682 ms
104.17.11.148,SJC,北美洲,圣何塞,682 ms
104.17.177.127,SJC,北美洲,圣何塞,683 ms
104.17.94.206,SJC,北美洲,圣何塞,683 ms
89.47.57.180,SJC,北美洲,圣何塞,685 ms
104.18.86.91,SJC,北美洲,圣何塞,687 ms
198.41.207.194,SJC,北美洲,圣何塞,688 ms
104.17.43.145,SJC,北美洲,圣何塞,688 ms
104.18.254.23,SJC,北美洲,圣何塞,689 ms
104.16.17.20,SJC,北美洲,圣何塞,690 ms
104.16.245.211,SJC,北美洲,圣何塞,691 ms
198.41.223.69,SJC,北美洲,圣何塞,691 ms
104.18.236.69,SJC,北美洲,圣何塞,691 ms
104.17.7.20,SJC,北美洲,圣何塞,692 ms
198.41.203.0,SJC,北美洲,圣何塞,694 ms
104.17.5.228,SJC,北美洲,圣何塞,694 ms
104.16.231.43,SJC,北美洲,圣何塞,695 ms
104.16.51.29,SJC,北美洲,圣何塞,697 ms
31.12.75.166,SJC,北美洲,圣何塞,698 ms
198.41.220.223,SJC,北美洲,圣何塞,700 ms
104.16.232.178,SJC,北美洲,圣何塞,701 ms
104.16.19.112,SJC,北美洲,圣何塞,704 ms
198.41.216.157,SJC,北美洲,圣何塞,705 ms
104.16.100.160,SJC,北美洲,圣何塞,705 ms
104.16.230.173,SJC,北美洲,圣何塞,706 ms
104.17.53.177,SJC,北美洲,圣何塞,706 ms
104.17.1.65,SJC,北美洲,圣何塞,707 ms
93.114.65.247,SJC,北美洲,圣何塞,707 ms
172.64.90.101,SJC,北美洲,圣何塞,707 ms
104.16.152.223,SJC,北美洲,圣何塞,708 ms
93.113.175.8,SJC,北美洲,圣何塞,709 ms
104.254.140.24,SJC,北美洲,圣何塞,710 ms
104.18.148.217,SJC,北美洲,圣何塞,710 ms
45.194.53.184,SJC,北美洲,圣何塞,710 ms
104.17.229.90,SJC,北美洲,圣何塞,710 ms
154.197.108.2,SJC,北美洲,圣何塞,712 ms
104.16.62.249,SJC,北美洲,圣何塞,713 ms
104.16.141.85,SJC,北美洲,圣何塞,713 ms
104.16.59.153,SJC,北美洲,圣何塞,713 ms
104.17.242.192,SJC,北美洲,圣何塞,715 ms
104.17.119.238,SJC,北美洲,圣何塞,715 ms
104.16.227.175,SJC,北美洲,圣何塞,716 ms
104.17.170.29,SJC,北美洲,圣何塞,717 ms
104.17.0.222,SJC,北美洲,圣何塞,718 ms
104.19.198.244,SJC,北美洲,圣何塞,719 ms
104.16.164.98,SJC,北美洲,圣何塞,723 ms
104.17.88.159,SJC,北美洲,圣何塞,723 ms
104.18.14.15,SJC,北美洲,圣何塞,723 ms
104.18.1.126,SJC,北美洲,圣何塞,724 ms
104.17.89.48,SJC,北美洲,圣何塞,724 ms
104.17.57.90,SJC,北美洲,圣何塞,726 ms
104.17.84.175,SJC,北美洲,圣何塞,726 ms
104.16.58.92,SJC,北美洲,圣何塞,727 ms
104.17.40.253,SJC,北美洲,圣何塞,727 ms
104.18.66.123,SJC,北美洲,圣何塞,727 ms
88.216.67.42,SJC,北美洲,圣何塞,727 ms
104.17.148.56,SJC,北美洲,圣何塞,727 ms
104.18.43.67,SJC,北美洲,圣何塞,729 ms
104.17.147.215,SJC,北美洲,圣何塞,729 ms
104.17.30.179,SJC,北美洲,圣何塞,729 ms
104.19.212.68,SJC,北美洲,圣何塞,730 ms
104.17.83.114,SJC,北美洲,圣何塞,730 ms
172.64.49.89,SJC,北美洲,圣何塞,730 ms
104.18.247.121,SJC,北美洲,圣何塞,731 ms
104.16.77.50,SJC,北美洲,圣何塞,731 ms
104.16.253.12,SJC,北美洲,圣何塞,731 ms
104.16.94.189,SJC,北美洲,圣何塞,731 ms
207.189.149.38,SJC,北美洲,圣何塞,732 ms
104.17.237.89,SJC,北美洲,圣何塞,732 ms
104.17.166.138,SJC,北美洲,圣何塞,732 ms
104.18.71.3,SJC,北美洲,圣何塞,732 ms
104.16.199.161,SJC,北美洲,圣何塞,733 ms
104.18.250.2,SJC,北美洲,圣何塞,733 ms
104.17.160.191,SJC,北美洲,圣何塞,733 ms
103.169.142.103,SJC,北美洲,圣何塞,733 ms
156.225.72.227,SJC,北美洲,圣何塞,735 ms
172.64.155.60,SJC,北美洲,圣何塞,735 ms
172.64.35.171,SJC,北美洲,圣何塞,735 ms
172.64.145.203,SJC,北美洲,圣何塞,736 ms
104.17.214.223,SJC,北美洲,圣何塞,737 ms
185.135.9.38,SJC,北美洲,圣何塞,737 ms
104.16.99.35,SJC,北美洲,圣何塞,737 ms
185.18.250.67,SJC,北美洲,圣何塞,738 ms
104.17.192.161,SJC,北美洲,圣何塞,738 ms
104.19.204.218,SJC,北美洲,圣何塞,739 ms
104.17.27.49,SJC,北美洲,圣何塞,739 ms
104.16.192.195,SJC,北美洲,圣何塞,739 ms
162.159.13.82,SJC,北美洲,圣何塞,739 ms
103.11.214.137,SJC,北美洲,圣何塞,740 ms
104.17.185.127,SJC,北美洲,圣何塞,740 ms
104.17.228.42,SJC,北美洲,圣何塞,740 ms
104.17.234.248,SJC,北美洲,圣何塞,741 ms
104.17.194.13,SJC,北美洲,圣何塞,742 ms
104.18.170.157,SJC,北美洲,圣何塞,742 ms
181.214.1.254,SJC,北美洲,圣何塞,742 ms
104.16.189.194,SJC,北美洲,圣何塞,742 ms
104.17.17.214,SJC,北美洲,圣何塞,743 ms
104.16.14.105,SJC,北美洲,圣何塞,743 ms
104.19.156.162,SJC,北美洲,圣何塞,743 ms
162.159.15.116,SJC,北美洲,圣何塞,744 ms
104.17.49.105,SJC,北美洲,圣何塞,745 ms
104.18.201.152,SJC,北美洲,圣何塞,746 ms
104.17.91.200,SJC,北美洲,圣何塞,746 ms
104.18.140.110,SJC,北美洲,圣何塞,746 ms
104.19.180.5,SJC,北美洲,圣何塞,746 ms
104.19.208.44,SJC,北美洲,圣何塞,747 ms
172.64.42.245,SJC,北美洲,圣何塞,747 ms
104.17.200.18,SJC,北美洲,圣何塞,747 ms
104.19.165.157,SJC,北美洲,圣何塞,747 ms
104.19.206.251,SJC,北美洲,圣何塞,748 ms
104.17.238.243,SJC,北美洲,圣何塞,749 ms
104.16.155.198,SJC,北美洲,圣何塞,749 ms
167.68.5.7,SJC,北美洲,圣何塞,750 ms
162.159.6.241,SJC,北美洲,圣何塞,750 ms
104.16.166.76,SJC,北美洲,圣何塞,750 ms
104.16.63.142,SJC,北美洲,圣何塞,750 ms
104.18.72.37,SJC,北美洲,圣何塞,752 ms
104.16.183.28,SJC,北美洲,圣何塞,752 ms
5.182.34.246,SJC,北美洲,圣何塞,752 ms
104.17.54.2,SJC,北美洲,圣何塞,753 ms
188.42.145.27,SJC,北美洲,圣何塞,753 ms
103.172.111.185,SJC,北美洲,圣何塞,753 ms
172.64.150.49,SJC,北美洲,圣何塞,754 ms
104.17.204.29,SJC,北美洲,圣何塞,754 ms
104.16.205.96,SJC,北美洲,圣何塞,755 ms
104.18.64.147,SJC,北美洲,圣何塞,756 ms
104.18.205.109,SJC,北美洲,圣何塞,756 ms
145.36.144.60,SJC,北美洲,圣何塞,758 ms
172.64.52.111,SJC,北美洲,圣何塞,758 ms
77.232.140.125,SJC,北美洲,圣何塞,760 ms
14.102.229.45,SJC,北美洲,圣何塞,761 ms
194.59.5.193,SJC,北美洲,圣何塞,761 ms
104.17.61.149,SJC,北美洲,圣何塞,763 ms
104.18.192.4,SJC,北美洲,圣何塞,763 ms
104.17.107.131,SJC,北美洲,圣何塞,763 ms
172.64.92.36,SJC,北美洲,圣何塞,763 ms
172.66.2.83,SJC,北美洲,圣何塞,764 ms
104.17.164.245,SJC,北美洲,圣何塞,764 ms
198.41.214.7,SJC,北美洲,圣何塞,764 ms
104.18.166.70,SJC,北美洲,圣何塞,766 ms
104.17.181.145,SJC,北美洲,圣何塞,767 ms
104.16.176.202,SJC,北美洲,圣何塞,768 ms
92.243.74.205,SJC,北美洲,圣何塞,768 ms
172.66.40.240,SJC,北美洲,圣何塞,768 ms
104.19.230.62,SJC,北美洲,圣何塞,769 ms
162.159.136.74,SJC,北美洲,圣何塞,769 ms
104.17.3.210,SJC,北美洲,圣何塞,770 ms
194.113.223.193,SJC,北美洲,圣何塞,770 ms
156.238.18.182,SJC,北美洲,圣何塞,770 ms
103.11.212.126,SJC,北美洲,圣何塞,770 ms
173.245.59.189,SJC,北美洲,圣何塞,770 ms
104.16.244.178,SJC,北美洲,圣何塞,770 ms
104.18.214.253,SJC,北美洲,圣何塞,771 ms
104.18.242.89,SJC,北美洲,圣何塞,771 ms
172.64.234.254,SJC,北美洲,圣何塞,771 ms
104.17.191.99,SJC,北美洲,圣何塞,772 ms
45.135.235.26,SJC,北美洲,圣何塞,772 ms
162.159.18.62,SJC,北美洲,圣何塞,773 ms
104.19.219.71,SJC,北美洲,圣何塞,775 ms
104.19.234.95,SJC,北美洲,圣何塞,776 ms
104.16.242.243,SJC,北美洲,圣何塞,776 ms
162.159.24.97,SJC,北美洲,圣何塞,777 ms
104.17.155.36,SJC,北美洲,圣何塞,778 ms
104.18.240.191,SJC,北美洲,圣何塞,779 ms
104.19.203.89,SJC,北美洲,圣何塞,779 ms
162.159.137.251,SJC,北美洲,圣何塞,779 ms
162.159.17.225,SJC,北美洲,圣何塞,780 ms
104.19.152.54,SJC,北美洲,圣何塞,780 ms
162.159.23.110,SJC,北美洲,圣何塞,781 ms
104.17.111.175,SJC,北美洲,圣何塞,784 ms
162.159.48.144,SJC,北美洲,圣何塞,785 ms
162.159.138.72,SJC,北美洲,圣何塞,785 ms
198.41.204.1,SJC,北美洲,圣何塞,787 ms
86.38.214.62,SJC,北美洲,圣何塞,787 ms
104.16.86.73,SJC,北美洲,圣何塞,788 ms
104.16.101.59,SJC,北美洲,圣何塞,789 ms
104.16.61.26,SJC,北美洲,圣何塞,790 ms
104.16.87.120,SJC,北美洲,圣何塞,791 ms
104.17.165.243,SJC,北美洲,圣何塞,791 ms
94.242.229.185,SJC,北美洲,圣何塞,791 ms
104.18.40.234,SJC,北美洲,圣何塞,792 ms
108.162.192.44,SJC,北美洲,圣何塞,793 ms
162.159.9.69,SJC,北美洲,圣何塞,795 ms
104.17.120.20,SJC,北美洲,圣何塞,796 ms
104.17.28.236,SJC,北美洲,圣何塞,798 ms
104.17.174.18,SJC,北美洲,圣何塞,799 ms
104.18.105.186,SJC,北美洲,圣何塞,799 ms
104.17.169.200,SJC,北美洲,圣何塞,800 ms
104.17.16.223,SJC,北美洲,圣何塞,800 ms
104.18.142.176,SJC,北美洲,圣何塞,805 ms
104.17.167.194,SJC,北美洲,圣何塞,805 ms
205.233.181.185,SJC,北美洲,圣何塞,807 ms
94.242.228.26,SJC,北美洲,圣何塞,808 ms
104.16.202.74,SJC,北美洲,圣何塞,808 ms
198.41.202.82,SJC,北美洲,圣何塞,810 ms
104.18.102.147,SJC,北美洲,圣何塞,810 ms
172.64.33.22,SJC,北美洲,圣何塞,810 ms
104.16.239.230,SJC,北美洲,圣何塞,814 ms
104.17.184.34,SJC,北美洲,圣何塞,814 ms
104.18.77.28,SJC,北美洲,圣何塞,815 ms
104.18.248.36,SJC,北美洲,圣何塞,815 ms
185.159.247.85,SJC,北美洲,圣何塞,816 ms
104.239.72.242,SJC,北美洲,圣何塞,816 ms
198.41.196.115,SJC,北美洲,圣何塞,816 ms
104.17.190.158,SJC,北美洲,圣何塞,816 ms
192.133.11.130,SJC,北美洲,圣何塞,817 ms
104.18.200.194,SJC,北美洲,圣何塞,818 ms
104.16.193.57,SJC,北美洲,圣何塞,818 ms
104.18.217.220,SJC,北美洲,圣何塞,821 ms
45.131.5.115,SJC,北美洲,圣何塞,823 ms
104.18.209.31,SJC,北美洲,圣何塞,827 ms
104.18.241.185,SJC,北美洲,圣何塞,827 ms
93.114.64.211,SJC,北美洲,圣何塞,828 ms
216.205.52.88,SJC,北美洲,圣何塞,829 ms
162.159.11.226,SJC,北美洲,圣何塞,830 ms
198.41.201.33,SJC,北美洲,圣何塞,830 ms
104.17.46.143,SJC,北美洲,圣何塞,831 ms
185.176.26.9,SJC,北美洲,圣何塞,831 ms
104.18.42.44,SJC,北美洲,圣何塞,832 ms
190.93.244.146,SJC,北美洲,圣何塞,832 ms
104.18.210.31,SJC,北美洲,圣何塞,833 ms
162.120.94.89,SJC,北美洲,圣何塞,836 ms
104.18.110.68,SJC,北美洲,圣何塞,836 ms
104.18.223.125,SJC,北美洲,圣何塞,837 ms
167.68.11.200,SJC,北美洲,圣何塞,837 ms
104.18.2.14,SJC,北美洲,圣何塞,838 ms
185.146.173.151,SJC,北美洲,圣何塞,838 ms
104.18.165.134,SJC,北美洲,圣何塞,840 ms
104.17.146.26,SJC,北美洲,圣何塞,840 ms
104.18.5.52,SJC,北美洲,圣何塞,840 ms
185.162.229.250,SJC,北美洲,圣何塞,841 ms
45.131.210.219,SJC,北美洲,圣何塞,843 ms
172.64.83.60,SJC,北美洲,圣何塞,843 ms
185.38.135.169,SJC,北美洲,圣何塞,844 ms
170.114.46.57,SJC,北美洲,圣何塞,845 ms
104.17.199.240,SJC,北美洲,圣何塞,846 ms
91.193.58.131,SJC,北美洲,圣何塞,846 ms
185.162.231.206,SJC,北美洲,圣何塞,852 ms
141.11.202.88,SJC,北美洲,圣何塞,852 ms
104.18.175.60,SJC,北美洲,圣何塞,852 ms
104.16.156.39,SJC,北美洲,圣何塞,854 ms
162.159.40.8,SJC,北美洲,圣何塞,855 ms
104.18.181.63,SJC,北美洲,圣何塞,856 ms
104.129.167.207,SJC,北美洲,圣何塞,856 ms
104.18.38.131,SJC,北美洲,圣何塞,856 ms
172.64.84.112,SJC,北美洲,圣何塞,857 ms
172.83.73.104,SJC,北美洲,圣何塞,859 ms
154.83.2.124,SJC,北美洲,圣何塞,860 ms
104.18.76.247,SJC,北美洲,圣何塞,861 ms
104.16.159.189,SJC,北美洲,圣何塞,861 ms
104.16.163.160,SJC,北美洲,圣何塞,862 ms
193.9.49.121,SJC,北美洲,圣何塞,863 ms
104.19.182.173,SJC,北美洲,圣何塞,863 ms
172.64.88.42,SJC,北美洲,圣何塞,864 ms
141.193.213.255,SJC,北美洲,圣何塞,867 ms
104.18.69.171,SJC,北美洲,圣何塞,869 ms
185.162.228.234,SJC,北美洲,圣何塞,871 ms
104.16.106.118,SJC,北美洲,圣何塞,872 ms
88.216.66.42,SJC,北美洲,圣何塞,874 ms
104.18.136.130,SJC,北美洲,圣何塞,876 ms
46.254.92.29,SJC,北美洲,圣何塞,878 ms
185.193.31.199,SJC,北美洲,圣何塞,879 ms
198.41.209.206,SJC,北美洲,圣何塞,884 ms
104.18.138.8,SJC,北美洲,圣何塞,884 ms
104.17.149.106,SJC,北美洲,圣何塞,886 ms
176.126.206.183,SJC,北美洲,圣何塞,887 ms
104.18.141.38,SJC,北美洲,圣何塞,887 ms
172.64.32.67,SJC,北美洲,圣何塞,887 ms
104.19.171.19,SJC,北美洲,圣何塞,888 ms
104.17.217.210,SJC,北美洲,圣何塞,888 ms
172.64.147.246,SJC,北美洲,圣何塞,890 ms
104.17.125.114,SJC,北美洲,圣何塞,891 ms
104.16.54.18,SJC,北美洲,圣何塞,893 ms
185.176.24.105,SJC,北美洲,圣何塞,893 ms
104.17.122.124,SJC,北美洲,圣何塞,896 ms
185.174.138.80,SJC,北美洲,圣何塞,898 ms
185.148.107.90,SJC,北美洲,圣何塞,899 ms
172.64.152.141,SJC,北美洲,圣何塞,900 ms
45.205.0.178,SJC,北美洲,圣何塞,901 ms
104.17.226.163,SJC,北美洲,圣何塞,902 ms
185.193.28.31,SJC,北美洲,圣何塞,903 ms
104.16.184.136,SJC,北美洲,圣何塞,904 ms
45.85.119.31,SJC,北美洲,圣何塞,905 ms
185.193.30.108,SJC,北美洲,圣何塞,905 ms
104.19.193.30,SJC,北美洲,圣何塞,907 ms
104.16.12.6,SJC,北美洲,圣何塞,907 ms
108.162.195.191,SJC,北美洲,圣何塞,909 ms
104.19.213.232,SJC,北美洲,圣何塞,909 ms
104.19.187.132,SJC,北美洲,圣何塞,910 ms
104.19.191.41,SJC,北美洲,圣何塞,911 ms
104.16.179.109,SJC,北美洲,圣何塞,912 ms
104.18.12.44,SJC,北美洲,圣何塞,917 ms
162.159.19.71,SJC,北美洲,圣何塞,918 ms
162.159.36.187,SJC,北美洲,圣何塞,921 ms
104.16.132.248,SJC,北美洲,圣何塞,925 ms
104.17.227.146,SJC,北美洲,圣何塞,926 ms
31.22.116.154,SJC,北美洲,圣何塞,931 ms
170.114.45.248,SJC,北美洲,圣何塞,932 ms
104.17.235.94,SJC,北美洲,圣何塞,933 ms
104.16.69.172,SJC,北美洲,圣何塞,938 ms
104.19.192.218,SJC,北美洲,圣何塞,942 ms
104.18.249.14,SJC,北美洲,圣何塞,945 ms
104.16.248.173,SJC,北美洲,圣何塞,947 ms
104.16.107.57,SJC,北美洲,圣何塞,948 ms
104.16.167.18,SJC,北美洲,圣何塞,948 ms
172.83.72.51,SJC,北美洲,圣何塞,951 ms
104.16.149.157,SJC,北美洲,圣何塞,952 ms
104.16.150.124,SJC,北美洲,圣何塞,953 ms
104.17.26.48,SJC,北美洲,圣何塞,956 ms
104.16.144.85,SJC,北美洲,圣何塞,958 ms
104.16.68.199,SJC,北美洲,圣何塞,958 ms
104.16.28.71,SJC,北美洲,圣何塞,958 ms
104.16.85.245,SJC,北美洲,圣何塞,959 ms
104.18.144.24,SJC,北美洲,圣何塞,959 ms
104.16.240.154,SJC,北美洲,圣何塞,959 ms
104.16.185.196,SJC,北美洲,圣何塞,960 ms
104.17.123.101,SJC,北美洲,圣何塞,960 ms
104.17.41.7,SJC,北美洲,圣何塞,961 ms
104.18.134.215,SJC,北美洲,圣何塞,961 ms
162.159.49.219,SJC,北美洲,圣何塞,962 ms
104.18.129.42,SJC,北美洲,圣何塞,962 ms
104.16.129.73,SJC,北美洲,圣何塞,964 ms
104.18.161.29,SJC,北美洲,圣何塞,965 ms
104.16.195.41,SJC,北美洲,圣何塞,967 ms
104.16.135.185,SJC,北美洲,圣何塞,967 ms
104.16.7.111,SJC,北美洲,圣何塞,967 ms
104.19.177.217,SJC,北美洲,圣何塞,969 ms
104.16.237.142,SJC,北美洲,圣何塞,970 ms
104.16.136.18,SJC,北美洲,圣何塞,970 ms
104.19.175.224,SJC,北美洲,圣何塞,971 ms
104.17.121.217,SJC,北美洲,圣何塞,972 ms
104.17.62.78,SJC,北美洲,圣何塞,972 ms
104.17.24.83,SJC,北美洲,圣何塞,972 ms
104.18.150.132,SJC,北美洲,圣何塞,973 ms
104.18.155.187,SJC,北美洲,圣何塞,973 ms
104.17.19.213,SJC,北美洲,圣何塞,973 ms
104.18.171.246,SJC,北美洲,圣何塞,974 ms
104.16.204.236,SJC,北美洲,圣何塞,974 ms
104.19.148.183,SJC,北美洲,圣何塞,975 ms
104.18.90.160,SJC,北美洲,圣何塞,975 ms
172.64.80.182,SJC,北美洲,圣何塞,976 ms
104.19.183.230,SJC,北美洲,圣何塞,976 ms
104.16.255.97,SJC,北美洲,圣何塞,977 ms
104.18.128.8,SJC,北美洲,圣何塞,978 ms
104.18.212.60,SJC,北美洲,圣何塞,984 ms
168.100.6.104,SJC,北美洲,圣何塞,984 ms
104.19.189.37,SJC,北美洲,圣何塞,985 ms
108.162.194.72,SJC,北美洲,圣何塞,988 ms
104.18.11.103,SJC,北美洲,圣何塞,989 ms
104.16.130.85,SJC,北美洲,圣何塞,990 ms
188.164.158.175,SJC,北美洲,圣何塞,990 ms
188.42.88.155,SJC,北美洲,圣何塞,991 ms
104.18.174.168,SJC,北美洲,圣何塞,991 ms
104.17.101.218,SJC,北美洲,圣何塞,991 ms
104.16.247.146,SJC,北美洲,圣何塞,992 ms
104.18.190.1,SJC,北美洲,圣何塞,994 ms
154.197.121.168,SJC,北美洲,圣何塞,995 ms
104.18.177.56,SJC,北美洲,圣何塞,995 ms
103.21.244.128,SJC,北美洲,圣何塞,996 ms
104.18.237.40,SJC,北美洲,圣何塞,997 ms
104.16.134.69,SJC,北美洲,圣何塞,997 ms
104.18.195.153,SJC,北美洲,圣何塞,997 ms
104.19.215.81,SJC,北美洲,圣何塞,998 ms
104.16.57.11,SJC,北美洲,圣何塞,998 ms
104.18.228.21,SJC,北美洲,圣何塞,999 ms
104.16.175.64,SJC,北美洲,圣何塞,1000 ms
104.16.198.229,SJC,北美洲,圣何塞,1003 ms
104.18.65.232,SJC,北美洲,圣何塞,1004 ms
198.41.221.204,SJC,北美洲,圣何塞,1004 ms
190.93.245.85,SJC,北美洲,圣何塞,1007 ms
104.18.197.24,SJC,北美洲,圣何塞,1008 ms
